core_0_temp_C,core_1_temp_C,core_2_temp_C,core_3_temp_C
85.61716910483132,61.44052358039198,83.17421627649995,66.51126441530512
75.75611242706698,72.60679467662054,48.34061609245914,44.62010645145852
42.982971484390994,77.38051923542582,85.44885085923161,81.37981044352648
65.43921841490285,85.39942665642528,85.90210308972499,56.97266578943353
84.85128375312195,62.787030994386065,69.2697933006861,73.10669922217541
49.040672062335645,73.06721520546546,69.47714188374151,46.79957350078347
47.21345952107954,76.47358720324101,51.002868056802185,75.16292038805133
91.32769259410513,90.94070639888218,64.41972730033535,41.93863672969976
47.72299911089928,46.12245518930357,59.049496186254984,72.99725461725791
92.88631948110053,42.96925284988218,76.11336218688993,84.2968772818715
61.50771999206866,89.42489722472155,78.6734733872122,70.06257856048427
41.49712495449044,72.04196128946013,58.39518626548592,64.99742249198988
60.37098125742607,56.85770431620711,91.27876667722992,86.06973348563383
78.41717132699807,61.001106440249174,65.37701357834474,61.290994928267395
66.60328974483568,78.71149020483269,93.58422333843558,71.31454418851
73.10238861019263,93.2128190726839,83.95470242196137,86.04952328055154
79.79099981190814,93.2347912128073,70.60232042075027,49.3298172444239
45.67291718371967,66.89740471682643,42.96988626567969,86.66778952903155
49.22122938318155,71.27368305818601,83.54084883318632,57.17250981255608
85.34187330816498,69.77015101092366,57.590949057803954,68.69216713851185
60.196851149240146,93.31533469821179,66.82134323838605,50.58336853394432
40.54862677594964,68.36228744374118,79.06916916208593,82.38365442822578
72.96148658450909,68.70730214000147,58.62428101319579,83.03554500407454
67.19068407614292,67.43330938806831,84.61926395571405,89.3438946513102
40.84441770974883,48.36382078251472,79.76609794418992,56.615837794305364
49.47313059413956,69.24808777928612,84.06050495169833,50.17275076678601
93.2951415938204,74.36030548814315,41.30739481246893,73.57092854896575
51.64495775483176,81.54074126374745,64.59288177788292,49.393056550993364
46.11119114534307,91.89720666205447,85.27394995324738,91.84495268058781
82.53371531953478,61.70502088381352,70.6231554550092,91.23984047230407
57.95287659163905,66.0852084267555,88.59206114753303,69.62164870081902
46.113087376630965,60.251894075421255,73.48334439394819,51.64742090924114
47.979502493876986,80.97459426149973,55.330549498500986,78.58571176024134
82.66317974418217,84.75370483640367,90.19145518204165,76.05977211798049
71.90734602963937,49.285684310648726,92.64423323603873,85.41339076314824
82.2493775293818,50.006744625043396,53.03826557879596,88.57380023996498
66.24556758521535,84.97974144471654,78.67604804717014,58.699368191416355
61.375830833819265,80.25426477560656,59.52682769107511,43.617740986633684
74.33077553254697,64.96425066450553,67.13151187468686,42.276079735384094
65.39587050649692,51.0847331975952,94.46128569913948,71.98098753506372
64.06899440050326,88.23548587488264,86.56991066798585,78.36939479515539
43.62129744188767,54.02523196180866,59.89544387725071,47.56877864199895
84.92080682130066,94.19127429722843,49.59372480487624,70.79472625941855
93.86713149543567,72.24929600400966,81.49856691828299,44.86325282255023
79.18807864807576,47.69731674147841,68.72472297334096,58.21185399904945
42.26535667657446,48.658146120181954,48.67715172244709,85.20393789100685
47.30166139258487,71.70528620516336,88.7500466035466,52.208705033536035
62.98370334689582,74.30042446411886,41.091774163758316,55.65853585729757
54.981891501894296,91.6181038989537,91.25643885646568,72.27326417787866
75.33185538273072,45.258275357603864,61.9975283217517,87.25170968340569
43.07172958065943,86.23550407948457,78.94952320022172,40.8071073457347
64.43866211225046,89.19783796469105,92.3112287404679,70.61422397373926
78.99822625068694,84.07672488759302,53.82527207261735,45.7372545941609
76.55503402666434,74.63372783395022,88.3334012341013,60.61025256003733
80.35328934126889,41.369723569816216,47.7854303917171,91.00301999154584
92.72157647846049,48.645269598664,85.74076592011036,51.263608399229085
45.75680688995691,90.10536118706797,51.5418291826217,69.82044825013818
78.97903962545186,76.76821331908171,67.8353384964814,45.68804510851552
64.22979053146814,47.838884572958804,91.66483820353781,74.26100174139296
65.71846638023646,85.23073825429267,45.385517357365615,43.96784269157078
54.46462566277026,63.54171095793742,93.22578062998124,68.69021665939077
40.66704248637576,50.80973644616391,78.83925170944687,90.1341412506118
69.7216141984566,77.1106109154926,50.55919627547885,50.28602903813469
68.44891060605015,66.4454881994857,57.50837250137045,85.91127675866665
56.24037145718337,72.56012235390392,66.29798420946568,87.79718839748477
51.4641854958912,87.3020543741167,54.797649362330944,57.08192910898854
90.69007495762527,42.00222035481275,80.64677940502708,93.57329868648598
78.23365714154164,67.63509652269346,88.97071243575996,42.33313841058322
93.2480408064284,67.39505918387923,54.235634226510115,93.06506262896234
58.733954072305224,59.35073994783717,67.60251065918212,63.994624902257385
47.14157965382135,87.36120655952843,47.91704142912069,58.994857384613866
87.36007882503534,73.61075679050654,79.87800616294362,42.71438667523435
52.53139401005019,48.70230859015791,47.81352924635021,43.971597287880066
81.8506983673092,77.40194708120924,47.00394497388845,42.790665032908215
81.33292113119076,72.49795071525685,45.04408025009593,75.83524972123683
60.48523455274797,93.06288636053031,61.54880581478787,56.720895902266406
42.8935731177004,89.06879205570826,93.49070792541406,91.06855165989916
86.33705265800546,66.35639451083725,86.94754430134765,60.486627050976836
94.19270911185453,71.37662952869076,46.53290105791612,70.71501283099522
89.03740593714693,81.44367875380237,45.99924528500715,40.403050415783774
70.95985705682834,63.49950204723376,61.587072156905364,49.56639228487221
59.112949490752165,67.99928128660233,61.82080437794649,40.847269576141485
72.22892613264563,42.498141710349245,64.26128130942718,89.32471264849094
80.60121233270235,65.76556030145662,41.256824097197075,74.93315524747362
61.45060061840256,87.59319386249771,44.14028699185836,87.20902425137407
53.20033286119715,45.58504280556824,92.86375127661606,44.74608164892544
40.61585808984673,42.521347537779334,66.84711127378226,67.65112351962036
50.724986088133456,66.75407867566442,82.02210434410604,57.440455438337324
57.76566677629648,77.01829228151195,72.14456686412156,61.05529556098212
80.12292361613186,93.24398864526316,94.9561089783048,78.58387422889234
79.02468490340036,55.554024737067415,61.71531910775985,85.92981871912264
67.14752661781725,57.20798344784042,55.02562826418968,71.43731480361645
57.64747288506954,77.30409365591103,84.5876449762207,44.187377620506695
47.13134225702447,82.69364814016109,72.53055343145391,68.70104510552363
94.72101773769933,89.49837949751381,62.67725727569498,58.51251465239215
92.1360690947362,55.978384106595755,67.75575276182089,65.46388897033542
77.24419385484573,65.05391004612918,84.33097801742686,64.12569988007937
74.05485645551002,92.99034691268719,56.507136012830834,53.036987157859144
79.58539602800374,73.78022440368233,47.77465792874973,77.88934551256541
49.37070232997844,72.85335455059224,81.69316851066296,62.89085328060159
74.64734219209342,47.32237631099072,89.07091706436876,82.08012920912444
71.0455718704614,89.6042160008638,85.06210566013573,88.53832134882688
75.8941746842109,59.576384719104226,85.05440816337915,50.86498792673329
85.03843747618669,72.1291281272024,63.420536940143336,86.68807842701257
74.94254982010418,92.65576756453228,83.34257392182082,77.84414547731134
66.57544740446161,74.11546643198156,67.88591036424425,54.47149943592681
56.72848026000909,60.341629674528846,44.87035297965531,56.17357302494072
50.190641790274725,72.7329393571616,41.60470371160186,59.17050484062909
44.12187557510838,54.75523726177365,65.80298553767665,61.470146231419264
89.67072034343266,72.96185003915129,42.62654457406527,63.35188695412755
64.78289652515382,90.68660110788427,94.17200948810324,91.00995439822529
75.81104553220813,89.84859344378461,59.52234931215031,69.88240652245788
70.9735891536043,46.28903927530692,49.794535166804856,44.431746593988166
74.62823961751091,54.49894683223858,53.78867549421752,50.82191154126427
57.934947587496936,74.75713997257697,67.4374127131414,65.53005717666292
89.32656796425238,50.26640833804594,46.37982530729056,43.6592890323308
90.71307651560605,69.18584414835001,53.07528789521311,88.39640554573076
66.12552183545004,60.7988882216045,47.7648505687987,89.92623034345209
45.341793992771315,42.55019822777862,74.21002124614198,47.486119133802205
56.40240150957315,50.7413378230457,92.36924556558799,64.85732929232734
50.311504597045264,52.67335709269811,76.90518812938545,60.25547828678768
48.853104956739486,50.233587777290495,83.21394266556626,44.81993075609494
42.05935718781807,47.45748347609124,79.64405400452853,55.49896444732518
74.74274475487302,66.51919845515779,61.741142591875516,81.68467037414241
53.96224522017222,69.00178642048203,67.2768307721896,91.82700227169383
55.82301151249757,45.7019697352703,43.85725626959751,72.34341360712696
40.40972229231732,82.26977110763522,64.3613569138198,54.830883339395
79.70101310213165,47.690443057557104,80.2211932871977,88.72534806261993
93.12523928753208,54.539091965901534,62.83815491835205,78.38450906558062
41.93440616227875,72.68750518788266,90.81845015843913,78.36146178638829
86.9865850784858,52.43369942590114,58.12963104065164,48.56776628032298
88.11047542883087,89.92802080382671,94.82995665503225,67.16001626977214
91.6177924110176,68.48191152354059,75.079285161689,81.16833935456204
74.11993081007736,43.17167843776853,83.97085412059889,47.715354858906835
48.260390510865925,82.4275472233791,78.52726318507835,82.42918692098894
83.13791063409934,45.76846526744586,53.296370421321456,57.318545473737075
40.91764213682307,62.39513539928352,77.67427695350136,68.91760126336385
67.98222936915448,42.50295195318999,89.48584565051738,86.43535882566884
43.71038574124632,91.5160557177023,51.462842779154904,62.1227631677894
78.3485141134316,74.62568815725585,61.59502430971706,90.42363340637536
89.93460438903213,71.33806900749076,49.854542390024335,77.4604667519185
58.2298011833247,77.87667195129741,66.81157124894092,66.48118073564825
94.50484280075872,91.2852245509307,84.08497054652341,40.43466701650889
61.762600279236665,82.91684229156256,59.26681037524368,79.71688792489951
46.295202095865584,58.96082228318414,61.444711135253726,43.90921008658029
74.03812973128385,57.40242930771002,72.00360123670143,55.486237033144675
42.83613710433598,45.63563649933937,41.85552249195824,49.23439705404946
42.36084502504256,87.54005237551942,46.20234244564245,49.60874702336376
79.56557232547907,67.22620215826556,82.6983985360288,65.34820543325579
54.232990059176345,45.390992266003686,65.92244332197885,94.22477758077657
90.13607375059375,88.80888014679567,89.13721139807457,40.02837275012845
92.0931741779383,41.36323845322088,44.242106070699165,66.0080147116035
70.08965602381141,65.71053136910679,57.78683503145518,92.58189066200856
42.705170340820324,49.57780208063948,49.484132632587354,57.490853290445656
60.39753245239041,90.55976975203782,51.64410517950843,74.80421569880414
76.51928881976526,49.53210929404014,57.833608374466365,70.70127318523913
66.19330204253674,90.55342569455053,59.22888992008177,52.81517929201948
53.961883141539914,54.33268867124977,65.60246505067214,68.86131837786007
81.46131274492097,63.85206847233356,46.11394835254518,46.18184201275624
49.41206255518081,62.15754661411739,73.26024625343754,51.85623814286933
61.73775386643642,47.27202632999774,71.99099460401658,64.20342617750686
50.184063532329326,88.8032507359683,90.48801993752957,77.99819325533099
48.192802533164624,68.45326854925683,70.27613300787533,91.59336001204335
77.1161824998205,59.267407926813775,68.75579740697218,72.18465291813735
86.90899194732535,80.61173210611895,94.70627477524164,69.71555537743009
77.12300703971074,80.41181058731904,56.793735041830345,40.63252409405111
68.35168598888801,79.70135582251481,63.13882117755887,80.95937156236616
85.44453253941663,65.1031908224795,59.17065357468336,48.70146189056787
78.81162369941029,69.2523873361113,70.97213457737205,80.97891769056719
75.40013329448098,70.75634324329258,84.45498960870023,61.95150069253223
52.63281661791843,91.1571588715689,53.195909893852445,94.9172506516273
41.14300013198936,62.11673092354364,79.12935478556494,90.53152510525767
76.3551596918013,73.1281680261464,92.24877105687796,62.77927141427981
79.3870397496068,63.497831811706504,42.229200992058466,89.21880351479385
49.49225329298817,52.8042033290811,47.45846498538742,50.3412967909589
42.250378522225205,84.99907838009226,43.962908536952526,50.124472045455924
81.56494073205161,82.28150538664673,44.38864867609442,87.23190171714907
84.07229762904169,50.93131754771288,80.7644708934431,67.38441391576919
58.95081880953278,55.02244415388668,76.77215790482458,86.44407251410789
87.35653444141047,52.49793889431139,58.824431993798264,43.10997036859075
72.11737025582812,87.02585601469514,46.37626223563977,61.7680220916737
58.000460347288005,79.94870318758822,51.270392077099785,72.5241587082455
85.40408051237452,47.47080427011119,83.21890976816718,63.62941836117186
73.55891520483138,46.87080250868276,83.36669681360127,90.95197074957306
56.44722998173313,49.73381412556696,81.57153442396128,84.0414024671957
54.67787424239218,43.56281983638184,75.06900490582501,44.91935674600645
92.47004865989335,60.21322409138702,61.158089879857044,82.60353257122895
86.50986871736308,70.78782840733598,76.06426953727582,88.81121763334389
67.03238527590332,81.91924009670086,60.09095729449269,50.3495477874029
47.73358466780017,89.80981620438334,40.963908664860035,65.55411280841652
71.28304821735912,55.67829245502132,66.11731190152628,73.89621793160251
83.46044242520816,41.099640960310786,55.94090052999379,73.79626447635911
40.99918180152065,67.71565404853229,73.19327762461288,73.62358951695339
92.27855900477034,86.84015149599742,74.63980057948943,54.48102976022644
53.47010948651399,93.63601011483073,87.55654101636974,89.33681394494263
87.25793510327827,49.10092432720513,44.29380826782487,56.250870526310635
65.56336519365794,42.16417756852198,52.82109581066404,45.11214047685826
91.14094059953455,86.44919471103907,63.8066756079232,71.50369648666366
48.49129409212913,40.49628524082618,73.01195159793609,79.99497331857953
51.818338197992425,76.30129044766996,64.63844370860329,86.52720653964936
84.26234788573795,65.12836381317598,87.09169136510285,89.9040801055617
61.833386423987875,51.305507872127535,61.76942315125782,46.86865346087082
83.69470986860736,69.27454812176441,55.82424997659991,88.19915295506632
75.89615398006785,44.22813511229301,82.78886843952475,44.1167874079013
44.92502204330211,52.432609092933774,75.9044776351306,56.66903442068383
51.19565866259326,64.54331423356344,77.361590361834,72.02528857651826
47.32235323865578,50.14310090820797,78.99556746523868,52.991649281832466
65.54360830310125,52.3486398846237,89.75035275706598,40.33385507788894
85.18405400474725,94.78954170064466,47.2199050047453,64.30769589904085
80.26012640707619,81.85700726289298,61.99235439042791,47.093187934001335
92.31052479467341,93.86539922027002,47.812894657381825,79.64611427101798
49.225076168021396,56.55387811772934,46.410126175348516,62.81513487075659
44.42348734227601,59.17636669679531,53.98873563894075,52.86546900287591
47.237727082799445,72.75312852596528,42.275141705202756,78.03590187419336
82.50650679981723,43.21877173418324,46.74607288526119,43.15470942229635
64.45733464213417,48.441247417688174,70.56806106559206,64.64009788999735
50.510357397151985,45.417266605462984,93.84533999041666,70.14434662034623
68.4062391026221,42.21552516317208,65.3633199607198,41.96650088611216
40.73031821094838,64.31182126078758,55.41175924276217,89.60123489106473
90.69031089744895,76.44547983839051,76.94127123150781,49.70858589019833
58.612859387832565,75.98721256127838,47.307447383572935,44.167352297362314
40.057263875636494,88.10483094438214,59.8200374906628,70.536035205496
82.269143871793,42.27759697302021,83.71395066475148,92.03934420246613
49.68316761161706,81.35726007573291,80.05344315202336,85.30455205542087
69.77189817719199,54.57772321308571,48.50723692978568,53.75204318162281
77.74819249163289,68.45545179013303,74.64576865367957,61.809971571377226
77.20271473658302,84.1645103068846,63.17303761048079,48.50524643264465
73.84217096946765,53.57085828341806,43.97965829854082,47.10350371769155
52.312127665536494,79.90715298453611,51.598055364161326,84.6204076522566
80.55914809182008,42.71560118376673,40.52914860584404,41.577153536119354
54.65664816608177,88.60365729088224,93.32128757275365,43.462896779695406
62.36889780970262,59.72674182528113,61.122972992313535,69.88274196687897
47.28675944879724,85.43947417026112,70.08853921787112,76.38948758618915
57.81189187159562,87.86184831480315,74.78610646704409,56.66357175107703
94.67175887118871,88.48218098407818,59.686066087016044,52.29836945241412
58.754079860120314,69.67758367410482,84.26819208394369,42.980251954287496
46.04911476837778,74.14499729331725,84.83272767227871,62.836280508232
90.2557698952095,74.954037106186,50.99544595364922,51.98584370119399
78.92125748404322,45.11582222592317,81.48170858654535,45.82338783575858
88.00173374750577,87.43429808452402,77.16760197686685,75.24047748162883
50.36643479024392,87.29502615093695,58.33654266930847,86.34795246907558
91.31257321051913,70.47934861337393,56.75171581468708,61.4119949398014
77.77323320601928,56.829023693430884,51.02286560453448,55.53606531994638
85.01879810496554,86.32298973910304,91.50522900941536,70.82304599804101
87.55705051198481,70.80141601595564,72.89003430653162,86.5540831858718
89.94589024657056,42.729668270404865,78.54854846279196,41.79501133907887
75.45434802771521,71.97760223241231,92.64415668889725,66.09657143044853
94.77014297911697,74.24653359624438,78.57382109554317,67.9701166934714
89.50813017898386,56.766998753006575,76.36507291856253,41.65284960440046
75.87399861009916,92.26860599060234,94.17448384304836,90.06155858139286
75.51179018480302,84.15617826787235,57.931189276733164,84.18551511391144
66.5478747277033,82.48670281673398,83.21565197497992,72.1903821607838
43.667907872087945,58.40906966293015,56.66737449565778,82.76871481088617
60.086954230782496,47.74874093782346,53.54193956230762,48.88875457283544
84.88317280492764,77.49470167533767,61.95305656169661,59.15071893462345
86.59396587548352,48.679917926205285,50.26624298072787,67.47763955034448
75.4405877862547,42.1032419906818,87.59595172206951,84.2200224485982
77.1460545808749,59.71361404053738,90.64276549539503,67.68531056077995
68.45423918305484,90.16586640804229,56.813576044670214,80.84678030090909
45.50205904708134,49.6016791251848,92.52399109528378,80.97642389241301
55.25219358268128,73.91593365026331,52.53736006861199,81.11242570047958
86.2915993242556,58.125244371456475,47.67600162451837,70.53137871232735
67.35294511173863,50.87684248783074,82.6802803682353,91.65888164682244
62.00871113931717,69.9609735210705,81.46515811721713,70.19695966019768
89.35793918771574,52.78307162465687,54.67708279838167,51.44436253791648
43.67932038223882,40.220854867339625,72.2247004006446,76.73904481992312
67.40142107893428,68.19915531542239,56.089829240553335,79.06829305022251
75.1910612890468,66.93204634267516,42.13169642356967,75.52699909303544
92.95988559134511,84.79267167401004,47.346525384037385,57.113035584620306
50.662055709255995,63.83991329247102,63.45862140024478,81.2627399644433
92.88810170259423,42.94325336691467,51.96894664840066,81.99610362161165
40.14545916177449,41.69852055616699,50.97117388013805,40.116131606240344
76.38560868985606,88.97547045828044,62.529499765207945,69.86816374857007
41.59793685583583,49.01985862006941,85.00673413214537,77.01744770525762
63.10427353060855,93.05875314102612,92.41163314283881,41.94808378299885
44.376652401870565,44.44595697113311,80.48556550385047,93.82064058979493
91.09148636794322,75.02461173187606,57.960093979030816,68.3649249115403
63.61742086723311,45.85906418292569,86.01504558333971,85.74322552485206
76.31038516218231,60.17350360558426,50.20703737779419,63.01426046279124
79.11812090881543,50.556642702312175,66.44151511336256,60.35438994087279
65.49400243978101,64.38020654750134,76.82682573740206,54.31729868292002
50.26052557192228,90.41054238100408,72.42961665509506,56.724438207346125
49.247652513664704,69.82186189622432,78.78411942996698,78.5805490739975
44.171776626034216,55.998084980523814,60.67479010662338,72.11238485590803
57.50250386947427,85.6530728305416,70.99085314898164,57.03380922140956
48.576078083206255,92.83142770729108,65.48439761247768,65.89238701988471
94.95229310617168,65.5161166885626,49.41743197288898,74.06360878680916
92.87926964703426,53.454667756507455,83.90072536058497,74.95697130067788
51.82859186315301,45.108108952766706,66.05290444452451,94.9513075704562
70.45947160071461,46.27518394260403,54.42900071125702,53.44300070700071
67.76226085086,61.646475539604666,89.24093079249238,69.88175700101667
56.899594936536204,65.78664055975264,51.79617905279143,73.98528934897433
42.59934825244689,94.08682783134438,49.031563765000485,78.24556534942577
64.12307658669225,79.80564361353795,89.05075156391189,94.81694967873045
64.4322231670093,44.15935004842173,91.30538340756165,86.43618941236133
86.32419770968508,85.86024233156266,48.536845143449355,44.73060040409826
85.1732185928401,55.99806065758723,64.20571193544527,90.395458531167
89.19283699710667,48.343840252211095,94.43119483794861,75.485422627871
88.26090029045812,65.10202509421336,64.23627647423024,45.28830591345435
47.45030818200426,84.69576588043024,70.81144518437418,93.54612241668772
45.93695603986651,79.01498093278352,45.94836448854531,62.71434598006218
77.66749840908426,94.45516973440043,61.993442032095686,56.20710452449756
55.94753579809946,45.43294352865566,46.700581468478596,81.22372241694754
83.68283493280376,73.46276152681804,53.35701528427951,82.44370767947761
64.1728007549816,89.1537026621343,56.54816615633853,71.91029246207498
57.906164512224976,48.10174465523123,68.00655989266652,42.40431322373755
80.46290770964302,72.70452398742572,53.75096209486004,43.036692624525486
49.26035258101524,47.667607005512046,52.01827877764922,57.934476413784054
53.0878505026498,77.05378711514079,49.38317221607886,44.013171434552234
66.48796980935208,79.59757951261369,63.45671062573288,64.24164737630942
66.104773107071,89.98810450919916,89.77275125401243,43.788560255684544
79.50403769350089,91.4310362087227,94.15421054677077,55.40028480076083
40.93276812954127,55.982396489141614,82.07476365787737,91.21102947069772
85.80791650134196,57.37312048300009,70.22594399625257,40.13835298638787
70.45715975218732,45.06443959737481,63.497847907482,83.72784557926298
79.18486332689164,85.62695282311432,70.90426518784486,80.83329187698723
89.5338715727506,66.22170599775902,44.62926883951376,68.53946068694937
58.36502318309962,76.32016354937446,61.57617460678943,51.999453598955874
48.20762184208403,79.09662622649746,93.67229465348701,73.70358057486635
94.75363168422439,67.17455281160808,51.87614842725996,52.737446117458475
86.19860617546166,40.56779741961765,84.59653047245655,77.81456451860595
76.23970481167335,76.42744237311672,55.727273531226814,92.36272118160409
48.03277106914245,46.853367018092555,44.30416368460177,72.38621854554663
87.94511037309965,54.934955107305434,88.301182956287,85.66884449286972
67.10076333599848,46.37970760068379,55.02146607776342,80.18703587824064
41.564113159124496,63.024038149659205,42.3040086339329,45.0939815870895
82.55326902037875,90.3026965649396,61.6035645590403,43.12745998581566
40.175834714167,75.23520219301149,53.27324818614118,73.93741535697075
71.49505043702948,75.18868987761076,40.36541546722863,69.26081147865864
70.11308662294027,94.39123062795076,43.346195490648995,48.9343446979405
68.59582775526022,94.1710447103963,65.44157245032191,68.05362412450233
90.87140844790183,53.55402472208213,63.27067547357461,48.40945464978573
54.01856263249479,55.494993221947766,83.15425078109956,94.81724581727808
58.17906494082183,94.11268247023797,61.90374961127558,73.12421613870472
92.47085486499898,77.22338674996718,40.002687628580695,81.69421672995179
40.087801283372364,42.30981319321157,48.936431053465704,77.5801466679662
60.187276621589675,94.51216412291282,40.598905098881914,43.2819386538632
87.54457950554377,73.28196210668553,42.18686591658854,75.82183742151523
94.50315216924388,84.02151898474544,68.10333084901325,73.84285938985522
87.4485846622792,45.03077056461921,78.85343249716493,42.60257202708535
54.350609031139456,86.572418316042,90.92522391467763,85.62193649387339
55.78217324581147,83.77143796756584,59.24221511744359,69.43482445650326
51.57974466870159,61.002653630017306,42.0896317162745,77.96580569135969
82.57334445285535,68.07729416590611,79.94689880224163,57.50298204179142
72.5249761332008,46.851403871236876,77.13004321579321,82.01559770440633
50.5753556693675,70.69121952011244,88.44418182696182,81.0602973555245
58.95531399883895,94.90211467339391,59.96681736073188,51.76773755322043
77.40850601631651,91.23318592170372,62.16233786236157,42.827169599060134
49.137751566980455,48.999977799156326,85.16591389139205,44.686869031824685
73.16659102863937,73.74959443518128,53.29936684948515,45.60841988953342
65.34399424354564,66.47287864304765,77.20052621279595,80.78451193149294
75.17663811952377,40.6301243555021,60.214646448065196,56.92756475020192
86.25538972179066,63.49094439797573,76.89874854126973,74.28175429139844
54.94418701208403,59.66866593969155,78.1221695626689,86.58821484191989
72.41176811125436,73.49453974007018,45.79809144712965,92.59121759726696
68.9621942347882,65.68044844034883,73.93553150533384,87.11113278904881
69.24302249712102,43.94671355558447,46.363840408020685,63.58216450189771
80.36212316124912,66.89841647803857,83.87056662282723,59.61188144682115
85.3678265945893,70.82740986482985,44.604826593934234,68.40415063276751
72.98905198970246,40.72065614541281,60.981719666040625,81.08026495274831
91.35789944506413,44.554552630051255,72.23952122177616,44.13909948124201
51.47277177852269,60.121042024062106,71.82364618492362,42.55984890600246
68.85513496759566,47.561019299409665,80.86537487843694,55.024519476922556
86.15533825989485,82.53054442368469,66.60332830747592,53.85115334026912
70.95056292378725,79.22512375211662,55.291472359086356,80.60118597586782
65.76194366326698,42.283004286425204,42.142569692057926,89.38084093472361
51.465856950296825,55.180902119104104,49.68479122414848,77.57314940105131
40.522939055435465,77.73665589490628,68.24994943497138,51.476086942070175
47.407404877964105,41.49505283928838,92.86833726526787,45.32620916314874
64.84781647553642,56.49508035306499,94.84855967753444,82.02772802621635
80.34473747995646,55.29372474680733,94.310316368733,41.73229721761996
67.23079154765558,87.28656101463622,42.21858988068364,83.42722655407535
81.95896179094225,84.88588958507552,41.68754002818785,41.76240929777354
41.292158294149445,89.13030690826973,43.671155498584874,59.52668650670481
90.40243843681009,57.29424645135593,93.28663879376454,86.66061073019864
62.58144151836448,89.79536057571622,52.165519695388454,72.59521180121094
74.52676443447933,53.556802312571094,59.90917690693003,77.08504331408818
89.15205742796013,47.869435003416235,78.25072125157783,69.61726751237839
65.233274215867,40.634775541261945,77.37336768447067,86.83558209871356
44.07994401880627,73.50765936287846,85.49148329595312,67.68236577316712
72.12074138968191,86.50322217578045,84.59452052250685,59.0601223917187
94.75968905681381,48.811174210297395,81.1346657013061,62.29725180845042
78.28345690534707,62.77349500727884,80.35233296460325,51.32713149975771
64.62627687121785,47.58473448179125,59.30563877577547,41.86547937049445
57.29605333983687,62.874978841954835,46.35122626430833,75.20430968452905
90.83533235250522,58.5608573587841,51.05093521242175,76.95745852158294
78.99399438863486,59.39837419038338,69.27663170885985,94.20326085970751
84.79856268042211,92.89676116871865,40.8995752045285,61.14982482848275
53.185710173724615,72.38210543993833,83.05744023755385,80.94779559234631
45.838373505956355,55.996509127273065,85.6473197586377,73.79356626167251
86.13343699881446,60.27511310775827,54.46334378549871,87.70533339341199
85.7593091706774,80.83291237473225,73.20238056548624,50.344767623582875
56.82937637274482,66.90353894549905,65.19835268649612,67.16455372683131
74.24835188817443,54.13057733958798,40.067011167989975,59.92339628031655
74.15935394174932,44.42131515385651,65.47844146953425,54.42930289741618
44.72677586270047,80.1269212661609,83.77527190151025,72.940832185901
74.82496213545502,72.46878761141045,49.509826883640116,49.441237541968746
42.01496239317846,77.92224173761257,57.45976872763496,47.59687097603543
87.74288878720222,51.67189393065195,66.7111562954599,68.65196840079228
78.23614849942716,56.89226573651377,44.10241188384411,51.9063127546549
57.32629922117721,45.06285890109628,85.16936782468841,40.688670035369725
68.11394812156625,91.89171475034621,66.4401115407814,46.02941267092079
70.3180803845772,60.44553094141592,60.233432781852564,50.1987064010807
41.13352953695849,70.3003145696272,72.93769651607325,47.5014668708268
43.38177717903981,52.39214988459723,89.60153117126137,66.59564759035366
82.8871055292647,77.56043422100578,79.73972955810048,54.557030843516316
66.99275779099966,69.90409208518926,77.99588631254449,78.02229210357507
76.8150421932137,40.35133664159236,83.49347898651726,83.20304304643247
86.46388922575035,65.98998107967711,42.532956959627235,83.54627996766239
58.131946136926544,45.534497218487374,46.014729986914205,81.74143981682127
87.06514687644886,63.959017982519384,66.8394475837628,53.89209006494371
41.30998629587427,71.97448250091085,74.55493098528427,77.03257697609547
43.14824793236578,41.236021251368676,68.44078154178841,89.71716765885617
90.29788371209301,54.15742006121757,75.38954641709103,54.78324553943654
47.8431973889365,94.22006128158888,70.14651107423416,54.45002780531103
48.87459367770277,66.82301428803427,90.15683816745263,66.97704929518505
53.959547945815984,72.82786419364817,41.67520996197631,59.87883691996177
40.64770321650687,45.674539208681296,45.30434760159755,86.05379542168228
75.43742462556644,84.20338516937275,73.28715272129297,64.3918311785122
53.97940997812125,72.7299543207047,94.21391363657195,49.89333681857106
46.01132991732946,55.35360792799198,40.048574876660126,49.860489565467724
87.87243441820723,92.01138526740954,44.85127054698057,44.59370034603867
89.49468435687652,45.97366137105637,71.40566904993261,67.97109533114784
51.88083485746972,58.47070159421658,68.35978394906326,72.222278277301
44.79461754772613,83.78173092781873,46.740154734386564,81.89864715017812
67.19219184630592,74.7947891566335,46.7358782502061,45.11480669177496
86.08374561813386,82.83315893189626,76.95981143652116,69.12410881383393
87.69784159183858,55.12126994590831,77.26792861567498,50.548630276414926
86.07833877329996,68.08661732538133,58.16596546518399,73.73357828938086
65.26213740384338,76.04447152744068,46.44297390702471,94.59751542045299
93.93837848914086,48.20459246784931,41.21236800761043,65.27019126779304
40.979538224368774,66.47500754382138,53.26085452402217,94.05035731349919
49.74994231363158,74.43865547753893,94.70124363321304,52.44286708052173
53.91525405349935,41.863940085385195,53.54459064688976,85.33684649183668
53.88405291972422,73.5143561903547,47.258046428633854,80.5094868965982
71.15407184634653,41.22466833522558,53.367680826879855,78.44276432313733
49.07817308798492,89.66317657048234,92.92148775473393,55.06389124038138
85.00359894580758,54.52980529820288,88.53721795961312,50.246780993788846
52.50029519950165,84.21387276815254,59.616151580585836,51.97449077986626
52.520977892045536,50.242906078719784,57.97703862092226,52.82766448897136
44.8150684576998,92.66886683098821,65.98809854710125,41.447249716525064
48.85738625093218,41.36882185485334,92.60736592136712,74.37327093928903
54.13584734057508,50.924092654057596,90.43811539247434,56.0566738708557
66.39072100615122,92.55578845822744,42.017581429049855,55.56443935970658
93.91607504459387,77.8531676709689,89.31803641166765,76.17559284157937
91.76898384046487,60.87540389160996,51.04975575579324,52.31684357016921
41.03494363473763,69.74345564326312,52.41914289486145,55.9903871436037
61.68059257671695,55.96701492623124,70.59525487540809,70.93917274112849
71.24609322780408,90.30104672850081,79.41431834975631,81.49049213045089
71.70000177606758,80.80179187153092,54.81694786857864,57.957493811675505
59.220778122742445,63.01464293498121,77.31492843777471,86.3286624387705
79.88285991357218,49.43840458530598,77.10181408373153,48.94618780389588
51.53227046801901,87.68705942082772,94.42254518481047,43.69486749482287
58.503320703857,48.25910335412752,41.69099590913476,90.06575869143899
43.039514447036574,92.01004445272932,62.89505600496897,58.62841215525882
63.56774681463372,59.527563193091915,71.9549196332411,71.96650351698725
47.10200309679773,67.03630710445174,54.94898675420205,68.89948454900484
78.2417368025662,93.5687426370873,50.16316166096025,93.71356651244369
54.98888821235503,88.21800763269084,61.08148414590845,49.03230304285255
85.4112052766961,83.03375584173276,62.15341148425072,93.40799701765022
77.85559002893442,77.76648563068332,42.56486172995226,78.8824093289958
80.68482566821135,93.00641333039954,71.80763632722491,73.47575102181503
88.33314335865495,66.69603553000982,43.27534957476765,82.4197722826238
71.66219925059815,70.61146705761846,71.3835655013274,61.510636392814874
70.03780475925262,78.35944669159136,88.3687439721987,56.586074419578054
45.51763776897806,50.66317244914679,42.02328176999905,73.88109618675102
46.64068298544098,65.06724035169091,43.474976188333,45.55170006899726
77.10408236769045,91.34691787890428,52.03983007717451,46.043134870837186
51.91189262962033,72.55902333874518,93.30030602107897,54.40612752914695
66.87245204811833,90.66126445710412,74.82558279499503,53.06201640870764
91.54605322940829,94.68539854381436,41.89694033130011,40.282407300027494
67.72042701464657,44.90207532144768,78.39440981252429,70.10593930578236
70.38159168915284,77.57875877649258,51.01210641212,81.14380822496008
88.72513286076368,57.813656570362014,47.15945341065799,91.82244884884886
71.41222260406512,67.67488986274697,49.26065480009518,49.826808610692126
63.66931032435056,89.5889028624095,61.062605609799675,56.21661662823735
62.16584296630337,69.2642044630334,53.50840313092189,62.33532494647167
70.59216320975533,89.24052696556116,60.98091041560826,80.46833542837737
88.16219881668172,50.83045886936577,56.27203010268134,62.96684030597086
92.90574115049309,71.78441541524117,82.20503947454011,57.17933675257956
50.97706854294911,78.2437804944344,44.22017490370453,56.100609445572196
41.474458571681694,46.67211916711194,87.08151890204937,59.38035665645455
44.54533314623791,48.703455690661244,84.83143430573344,64.32284305791188
42.995045643113585,42.0820564165403,50.6306764844762,49.08450227441111
44.18224189808031,93.30646539403793,79.43146952648542,53.50851507620084
67.12533177771697,66.54306634473727,40.44487432922799,56.81944768867275
62.63377648163478,67.46510494024214,78.23830798103305,92.18561085272582
81.9141614381233,63.62421707898207,65.03787668589173,71.85082545710038
73.7613406034854,41.49398383207219,69.26850013267261,77.18324628700117
87.19926538438133,59.417392610578275,93.73774123841254,72.90056112961574
71.88237570409083,41.647247231663044,83.68700977923662,77.98990869918532
43.0706214435985,50.41978211068877,69.78231823683421,67.9500954832075
83.55521093688787,76.28337995697365,49.97895089896332,62.25832718523783
53.13580918330251,55.93983658299348,49.5763619191479,52.282443212030905
66.86689983611063,44.976090438601844,44.43382483665572,72.49446821619115
59.314747808292054,43.05316995273232,70.72997294934116,93.46162899951878
88.27294202191507,92.86095287428574,41.571046734685545,45.704300895343316
67.3588528766333,59.81283868074736,58.621817240585614,73.66744469589594
41.69136641363158,44.652540612956514,61.4058342531626,65.17027025100809
73.07770940826717,86.15913147953847,67.73217626507542,50.92572833671487
57.0003528624223,47.51920824095929,72.75928416632549,75.83691698923249
74.6922822792178,41.098693912362556,63.61947596796884,92.42599339891252
93.76040101582845,94.5026184021259,44.06656925622857,87.94982312212369
84.2171875982499,66.54461917805139,80.98216766264073,42.488133306776966
45.95421518481986,85.79137268263412,42.955286780784995,60.70976414635501
86.34936069691024,42.70900011572719,80.23165482020552,46.806707161778284
90.44990268304991,90.99007466432158,43.92921966652186,79.71733957020633
87.1278405679628,91.67569417017576,62.05218661177045,42.003632099694
79.88705699175563,53.08755413704398,80.24739790858007,66.7117479535429
83.77764435327663,72.12585873339646,76.61896764800613,54.58349374117779
64.92401531995941,73.92330902098836,49.93970398592491,46.23668376682894
93.86229627109255,79.24406246037037,83.17523027137165,48.15548234544654
80.10546100220687,46.807724020241295,49.37923852639348,62.81769392711508
70.25728593002563,67.98908037182679,47.80459933022755,88.7507429716406
42.433605238212664,65.59109291160921,64.19731478434424,87.65397701035462
92.63777249321456,85.88495832038257,70.31241969749065,65.96596445094183
45.94582429765839,63.074036225711936,84.94719334743515,47.840157616788716
86.01884930546058,94.33390106933001,54.84067218631374,66.44907396924643
94.47981533254153,64.07048420760842,52.662025675911565,57.882217636094566
77.17893326585295,86.485740015522,52.67647256782498,50.82631505700961
50.06203713204741,92.87673623981334,46.52363891765212,69.67292638871547
82.47911161360977,80.68920266294815,55.81164544088708,90.34022121711104
68.34116760683224,82.41001303091184,52.574048567917856,51.56075630122806
75.57568324280719,91.23400804924013,72.48147751518184,48.97729519068964
85.28409941957803,49.635751639389596,84.68736279663979,79.28340152778347
64.87025351551358,44.57856972060319,72.7672637236684,90.41302939613753
60.66264250668641,86.44825745105439,70.4199827506869,62.00088051475049
81.81764404568713,82.36627709504451,85.9398662669339,63.338289344467384
77.72203664482745,76.83347100539544,45.73803694792339,54.69989725289026
84.6708262550996,71.78204644851351,94.31239926602312,90.98225038271775
92.21537211018206,50.203627615208006,46.04422125298636,58.27923270884283
49.36675530166295,89.69307766519586,68.16337956096244,83.90431306950853
58.94585322815931,81.72537614265264,51.01208147428801,53.356755630357775
57.942938326373046,41.89513769094966,65.93861773018605,68.25940415327173
82.37449093256444,83.3754208547775,59.72876284092571,90.36096736192002
63.492655415145514,82.4002270477398,67.3835460781551,65.5062320977514
48.376331055486524,41.031627913650084,59.31825514834328,66.95464860496601
77.93111174489391,47.68875511668735,71.2467385842267,44.740847310376665
51.69710495589147,90.78876740987396,83.04829317828106,87.12497810500133
73.77377510995979,54.82296039782912,72.35290919075737,91.7928102161363
62.73722706271758,42.98963834066194,76.65029333953875,61.87650123351984
43.11713616293852,83.69284830135337,65.7659778161523,91.51064963713507
70.98708485035935,45.93765576307674,79.05973411781682,92.29772083994484
86.08964186811053,93.60518971316102,47.44459808360352,78.02678227564648
59.63985729020669,81.11290730986894,42.154621489396575,57.292359060124326
60.60162153785158,75.35667626604337,75.16868918136745,91.2545246937436
75.80416265620968,43.323972792452025,52.465814803295615,69.90386667817748
64.15185294381706,42.18079649374315,42.69540323541961,40.77445984593185
93.12587072493326,83.43302118717857,74.79135808107823,58.58363145169878
89.05668002660835,72.89971083995354,78.37653107285054,85.16083868074482
74.6144083448685,88.75112857519059,81.36430346699412,86.96423573094283
54.25777951059296,81.98028052998148,85.61003624781867,47.09327718767997
60.963832025289946,59.63939722899448,81.00407283488087,55.74912181548599
54.94475996435364,92.78731896922393,41.452503592739916,84.07791607914918
72.11889813538501,41.87818425728947,49.30103631971891,50.10014737179706
81.52200571696524,53.269945851751984,79.59070277356645,83.51873963815576
94.00847882024644,85.69047148288368,43.17605908223648,76.6467597700327
77.98461061614874,53.449383129786995,41.51106143483156,48.40127007858906
89.43555532262228,70.57193661937943,90.45660489950191,47.71425193640798
55.775366796529575,86.08200799982143,84.92087772284333,45.458824517808836
68.76401623506287,56.47029935054806,71.6292235744918,72.42236877926919
45.91711929888895,49.82845589240527,48.3307926311433,91.98346461391657
94.02694904512944,74.55998236375213,78.92157335278853,69.9920284757043
71.3407693004809,54.15099874137994,79.47541401722899,64.02344087980177
42.84379809453293,56.459419805455774,40.61530010656596,74.83991362013782
65.83250857243716,54.699247122928035,85.37485019068089,69.99828267563103
81.30780098456428,88.05893525746876,53.18866281127254,60.87617355967938
43.55443504732672,73.70958920083189,41.15894187376767,89.10668160306837
51.97403339277384,60.15404041640389,64.68783355663959,86.4884109783054
56.08898464927827,41.30179728847662,90.02306847944057,80.04106243647178
53.357910616633504,88.11957103037757,47.92554141369302,40.29660552642322
86.23715457525012,50.986497312138006,51.50376333991233,58.92999989475459
78.77119809238076,68.18629900943087,85.78622485771363,52.39475436566812
85.81307057933844,53.97992427893831,65.47171994420361,74.03725518647815
63.117567984632025,58.94723891514648,89.98498508426314,64.07496665074304
79.67152921078898,44.40927992015419,72.9304713175253,88.74798487443648
71.7517197909111,65.096106187502,77.33111686709262,67.43395395310331
46.02775888679742,84.6809931202146,85.1508328540531,50.12658884353712
86.0413213174296,70.33677405543308,66.46250190599163,57.857822836629616
86.74679497896571,94.60061519720804,68.23243735431387,87.53105388286778
71.72725123557782,59.25828696449281,93.24639439095571,42.706933093462915
57.2003555967619,69.84627544744778,47.60208318719506,93.73063144503939
56.74061434477615,56.77425878849887,55.7010532051861,69.07313029445992
57.6617712894608,87.60156394990543,85.85112849469759,51.87063932100918
47.46516146855505,80.84134695375312,54.68131272417712,80.70435003741807
91.03892802542231,76.66690248603814,53.766775082231135,89.17539613392181
40.79041312495298,91.14520709301954,44.83767050963287,94.78499299359582
42.15321627008964,80.78805241224913,85.40317086100296,58.87197731845289
88.88697831633783,82.5927194122634,70.09115750561703,82.29084093476612
94.30109322695485,72.30845544777702,41.47031056946084,94.13402985606311
53.02392183603699,46.07785633366631,42.38385246095484,46.60500328807504
40.52078381783517,53.83822030273118,70.6131026576684,57.60671802197666
42.18502304806889,50.32158641493561,73.44431138681401,44.22163332233698
83.36579544113565,61.40135876759625,74.78795875171264,87.71974900356587
94.47647770229477,75.20152236260367,76.69765148598168,64.86986850348981
61.82460963339629,54.708358095510675,55.58369487457399,60.604607170906036
86.12998782392765,43.09720715743679,49.456094107500064,82.23413091059601
86.83319500594553,47.10109653591442,54.49430842219282,57.728329053613294
58.88117226415457,42.19286271176705,71.18444663368716,53.18471860948072
92.0341131391379,72.89507898432089,77.50267682089505,77.7715722745343
43.37251654171711,75.01268754136287,47.96283236224118,53.505131288644485
42.736598984975956,85.68872426848421,75.88059052407857,56.323134680550986
43.197808817506896,53.754668825960685,83.15887749194177,77.50515932548603
72.09584570630412,57.338344009051895,74.37604130470147,81.61916793351956
75.87859066344535,60.05246456212379,56.566796218982724,41.99211138796746
45.555383763370344,72.03639153809215,56.414890743909865,46.794103372853996
76.36313264784509,49.072189049955924,43.78763991302968,73.25721881298901
87.35746236113397,75.0855326298257,46.356401216486404,44.786773823262195
56.25688219765854,89.87558334631356,70.14290661674166,93.14599749124852
65.56548213468542,91.04675740983987,44.29979102603835,52.88309496525808
58.711340511270166,52.81337363413744,88.33179415067926,63.53432746497399
57.49143746712068,53.342500695083295,76.19633101317706,60.60411090317565
50.276735688006035,57.44610962198945,70.27574630622578,72.07014114218572
90.54391636075664,85.0872455917771,82.86408833902095,69.15314294725647
80.88834779591878,45.47114985142925,49.34213769764504,43.69726996210153
59.34315247715688,73.56177428923445,47.31866578148132,57.468307201346256
88.36440084135987,76.73638472338502,82.548702173257,85.4423771309699
94.9657949131738,69.18342778101989,85.2874938117817,86.8989477249296
70.13585799864214,63.62808657848983,70.27171504572412,84.12596730173642
69.07395353846336,69.15112906615359,66.74623506446481,72.09006102115507
62.78241206451172,87.98667213951526,52.36777902255413,66.50197176089691
70.35704793931107,57.95170979787082,85.79296767222431,46.46231410690967
48.92173467432727,79.81155156252896,90.66243384357621,76.37199657617137
50.26666789731078,57.660310035046614,81.27209284215986,75.68087436046712
85.11943967983262,42.22349458012414,61.25816759725975,43.67137235388245
78.86988302435259,58.61654766738468,53.12673863388449,66.96868922557601
78.89790821916404,86.44280422411552,57.34197647978817,72.1571886661772
77.78067481121232,44.35198726205266,94.28565497213663,56.81167667490331
46.17328579020749,63.49481106066846,90.75623684608698,56.163632412503404
79.06148416496794,74.37389584945682,63.3630121012378,87.9212245879912
88.05535021863496,68.30589630079321,92.08231585338036,46.7394386951689
84.10899745364515,93.6153964211317,89.85197728403293,50.236449555257856
80.7325442485804,53.99781315331521,41.60363982320002,47.39470579789933
90.860944577032,44.58304672024763,87.9510433042326,54.62869274271531
84.19198465713178,54.00133665888586,43.76988873378243,54.66037177167389
77.27747418144759,76.35149926761005,77.53092640556636,47.61342047518478
83.75810352999561,59.489845625525746,93.98645161188561,56.22259856848383
86.29146930451599,85.26384761989348,61.814345924832594,53.718000195012564
47.994636498325484,48.33742084629465,71.30997014656681,55.33780502756352
58.022910416013346,51.08811155248219,85.1183851517722,77.35922928589011
93.51547395213764,54.305372840197926,78.04416574526205,82.20140290810315
57.58238561886185,55.99263901813481,74.80704477076225,59.7380523721766
81.06555156455633,82.7934746364923,51.49837820643235,65.98325962152643
92.52017921816022,66.95448476281304,57.85344194825181,49.36901541390174
59.46676695889363,84.53049098305425,55.876606680079085,78.12402034633013
65.05043219902068,47.63613369519757,45.61945632940465,57.49468080107006
42.914538385819746,78.80257981533015,68.2808428518543,63.86472104229814
61.78870666669208,50.03897787117339,93.43774595170598,92.3334889208005
74.66280650674352,57.56179232713072,58.044901085044856,46.91612091876436
82.42910794389056,52.83916749393587,89.42602026668823,50.4164105492095
81.12421389612064,52.02837376683435,76.95551836139778,58.696731236286695
68.33177286209386,68.02285763210459,48.8603177784027,43.58813110659764
94.32789579057575,46.494572209863904,44.390178464265624,84.21000580545126
40.44364093503756,89.92154671147443,92.39545174040407,52.34206056229323
45.80454311315352,86.5659925019888,87.66083914574475,87.23003015025387
85.3156688748702,45.00195876557975,73.07949165983868,75.82930730265258
48.73350509756872,67.1720977153405,43.48991838409544,91.7289668878723
43.81058693145792,73.16102604371017,62.19971855680939,58.84427403136932
48.14940132847511,43.42262706736484,79.831018686569,41.58312333850569
80.65564926386142,71.10921031382492,81.17375556029103,73.78554121324026
55.74719410314208,81.8954195764713,42.716952044536,69.66382309252475
59.721902496484304,65.32165742882955,66.57329590936916,60.466019268582386
80.12852301828326,58.030306431722764,94.8940799353554,60.42895649756048
85.3378421974162,56.547235039856204,71.46585701239238,71.2898135836214
78.44855273756903,52.12658611361012,80.70370114627406,93.42763841777705
81.0142909086724,66.54736469577294,78.24969995953461,41.731485173747515
43.706369091236056,41.550495986225016,91.48127941839032,66.09220289878648
81.96866796261116,86.62625996802852,48.47264718666803,52.57785406327441
48.434052907651754,53.369197738173995,66.38730405021977,49.28957601714912
74.63197770680489,74.4285124515275,50.93453682143659,85.46121719971842
93.98830138167668,70.9631998302809,61.80361243613404,74.9685052992501
64.33415110869664,50.41995861978609,80.96304604491945,46.644063743663544
58.82957699195046,46.91227038574891,89.24644257603285,84.9106716332879
40.60801025184364,65.47233134612215,80.92280909681487,78.95852267806258
91.03705838636522,90.38888909856851,50.31775522713225,57.76089125694888
62.514478916888606,54.65225229274677,51.06127327988633,66.29296406523746
66.40889158740086,42.675101923112074,92.64613280896711,64.96690612418924
66.24485701313873,83.31685176687324,46.56731142394719,44.370715766740666
72.34206401717,46.83512008414103,47.39222438236596,65.90770815855748
71.61759896304224,43.914755312750074,63.71211401357249,69.57895786630812
80.83652439787238,91.69967248579587,74.24105726433561,50.12956787931448
79.07695394625745,44.868036066898654,73.90284611147476,94.59998720982762
67.34911352777787,57.40215327296351,72.40413452416911,67.52868466814236
45.87911836473269,48.07860927518497,46.98373934992097,61.33492987788368
73.82225135309704,73.92202954550497,41.641395108796566,80.83932273896623
52.32617840179797,82.2372658154317,74.73479386286937,69.77235705338008
59.76668498572565,76.3076948553247,42.8854728123825,40.996536217545575
47.1121887200927,77.01558056510173,76.98662109249273,84.6382860940482
71.17194571521362,85.05329268918125,60.18477093968609,71.4479472754174
88.59476989981418,66.77946390790498,88.56997488387879,72.57606276384271
90.7533935521731,71.72926682822566,51.53339358544445,82.48240296936041
58.64323993203821,47.69698692732202,53.52959813462252,79.32998621239554
43.12819283603525,76.10867865627179,88.28606696023462,74.39532691753018
54.59479895134238,51.01944880699283,43.15180246166873,81.66622944649573
84.54442208250063,53.15517257027844,52.00687330336323,71.25619523903742
44.60004065619365,82.43163278779605,53.35600806758654,44.33284678082907
61.16927416669567,66.12894521031501,82.94735183425095,79.9913820516989
66.77776772104777,57.49935051174448,93.41189778795655,71.12617363785577
75.90880884027573,75.8542728604476,88.98672809970871,46.09621115157161
81.19934224694134,90.90585009489334,64.54115393200047,53.50579287974331
91.89399241120572,63.0187620788396,48.728523282191915,41.63214728730317
73.59339021511354,72.48205273583844,73.85617317775824,94.53326701340012
78.24703849842584,68.19733416572933,72.30776339901217,40.19485208543778
58.65047326509025,65.87486541627743,70.60824668788257,58.80350774206671
81.06210138200899,47.91749950083432,48.42840726388083,56.16658203005704
40.48956226926563,87.77101761175263,82.23771705786112,83.36651756954562
93.88206243262258,91.9247527971298,76.0838932328392,87.94299991331393
89.71132863000551,80.43950363974511,55.600934074441255,70.10009351234386
89.42542511651584,86.48893161490665,55.940354095223135,88.03861334734978
78.09135009607587,68.10700202898894,56.65100118741048,44.47349978040929
60.94574667627164,51.270016665730125,71.4381285952175,73.57491390336963
90.20037535125621,51.17167459118908,51.23261931460329,44.40888258669523
60.877689931894224,86.3095997729144,65.99231386494438,68.33341095123649
63.85524194396174,43.1321103529109,51.38743806877828,87.87967793163003
41.24627317541551,82.1975996034219,41.482532540746526,53.94269413653407
82.36837909592765,44.52215218713192,78.45914854399535,76.40657649245134
94.52833293837006,48.815975610493744,59.57207174739463,76.66494963368362
86.92746234869699,91.71056562803525,56.171739944347465,41.282743230510334
55.491072272617316,85.13726596841657,70.8493534379172,72.9486516704134
51.054851986783746,86.11682886817611,78.94809759833016,88.34471879645736
89.84851999821298,62.55990911515676,78.5389770403961,93.1842237309771
52.188539285017654,44.00950981647552,67.84615723503347,71.56302704426228
67.55456644544384,48.79570435391227,65.17855502418412,93.39163238967521
40.384450250147054,48.813636792177476,91.55088681496213,91.30224712471431
54.104740201049516,76.71898765816785,42.59554093606241,59.61627288728134
74.20269951773258,54.53691737223414,65.90539252488662,77.16909610166213
52.12568681501661,69.71093336765927,53.37092151244927,79.41765614783705
48.489134487267464,43.051646857387915,58.00131803720599,85.85572447298996
94.9975081771949,84.75565546864202,87.76666045859724,49.73613415263276
61.46720077084379,51.428369001529475,73.80697371603353,64.51660165545502
41.5627026082622,66.64239890072217,45.242824619915716,77.61198009987103
62.498058748957035,58.48290841634065,60.24825017185249,51.216384965920184
72.49811753449137,89.6956627072619,48.350164396572936,72.93906987229074
83.07641756601947,66.22253111912211,61.632192587325584,60.3601913600195
72.9053403438215,56.87105881917701,93.15552666609318,86.0371683815552
65.1825277800319,83.05266835535083,53.85075544475626,79.6308050718412
72.61359890423034,57.30455289962764,45.35868201210089,78.50603593918714
43.0291337595593,64.90759491287996,53.896115211462075,90.184190062487
82.07906181054898,54.497321098887156,46.00583044563957,83.97388417430574
80.76184619439853,76.28971106071695,92.93809413546185,45.37948581730377
51.02759146653819,58.20797706206858,45.495446210772,76.40052826230084
57.78973832527385,65.86583542814158,94.95982112690015,60.67876290490394
59.807030377629644,88.48397032761818,60.11601837717012,86.12775798618571
87.33641325209118,45.976547912778784,79.07601622742068,40.93061969461406
45.55645451642257,80.54834426728641,71.257449116981,94.69507213584883
79.02673750243903,56.25241490143877,45.3075304318659,44.74006423001138
61.60368474359876,94.25675564044505,47.79788892138632,75.78214974223042
59.70405128163058,74.25163189985246,72.74770510071289,42.95937702563343
62.261047810586234,79.03597315360227,74.04762527246669,87.67374284706106
72.97122676587745,40.54704973547596,41.23621309582618,55.760396922876915
82.27973492414279,84.34023506717364,48.029010810183415,67.08489333904032
74.06166103462819,90.18774364290408,75.60955248934195,56.98726385755867
46.089271442810855,91.12443816836178,57.02565608125774,58.32149303940942
60.615741671493666,42.79452847351143,93.18112954865768,77.14370381241667
57.041226909702644,90.66830716140385,85.36268429403704,48.5484168279206
57.50486271058428,89.01770731665455,66.03591836105674,57.559906398468215
71.54634470763621,90.00476427265676,83.78022150832534,77.67531872314856
68.51591802278473,64.1177642136696,74.20846507653005,40.8023087274044
53.05124469033293,77.18155083141237,48.77951795091123,57.048187052631114
66.86838106448212,42.757819602151436,70.06424001869266,92.15230998114728
66.6909797298887,48.28091307819743,56.27565671505996,69.9310759803447
75.89566890001338,91.4519236093362,71.24679815503617,54.90733925593453
65.0450877670078,87.8232907969752,58.654506078162385,61.003036532565986
91.44423777645513,45.58513528345603,47.682899770698654,51.8069661286465
41.69680533999606,44.09579391249102,52.46003531894034,59.13602695187863
91.75284255105096,51.552086574478174,91.04100005049497,63.73812626270894
43.18178488751597,84.47615328329432,91.37674144637063,78.03774043700797
89.97584780348363,87.99696604214017,66.75029040608733,72.68754801047338
59.47832378016261,68.65631471195061,89.25625819173723,64.07610549785369
45.93715037000925,51.809502409978705,75.99625082349866,81.64843403922762
64.00527414867457,86.07632486789464,51.44704519923311,69.77019569924406
60.05038978943216,62.48784734008122,48.181452506581564,58.346165341791135
86.95190784974731,91.02541115592278,58.37215573762159,70.91320246281578
61.55767038288779,46.131453652825634,83.63696015535342,51.10146258538726
82.47276505073937,49.11035266947742,92.2009194285161,40.59422262656431
67.885823708411,86.12225411943544,91.90479336144392,57.89278658566365
93.57928925072807,54.48286503542965,76.83007448625298,59.882426154710615
90.36594333062953,44.049020090587916,83.29986381877987,71.74204941660508
84.09303534407454,47.566381936433835,71.37640347693207,81.78994107584974
55.563035667138465,57.89555245377609,59.872282717736965,67.63739005121221
80.40408912611993,48.459294730423615,40.63142302829602,93.02708318869472
94.43605736655745,91.11464668347165,47.99160346369514,84.15840944395316
60.50049833256115,61.21742360896795,64.24151122157411,88.21858488219883
50.64319371280459,57.98553217799784,74.93609269351444,50.789763875788765
48.28999234125066,64.59446170152594,61.806378495127696,93.04426243349937
74.32092066339737,41.75184576015416,85.55831253334341,70.11116533707505
52.74385373280799,76.14951719178814,70.08738866729074,86.24029128663041
66.18185097180975,80.33314847711198,62.15788517199941,69.09114776311284
85.87312584260263,58.38863499127507,54.943616129732284,59.02440590281479
76.56386215589882,90.24451291215058,54.339971595732024,71.01266817131423
85.17977718898953,81.5805627376788,60.60657371959367,85.06331426830042
48.21621338177162,65.80634751619522,78.13185746574185,88.27295180493351
47.10762305094094,61.94101331108777,41.338229527736665,66.39221442452695
72.0594944435184,49.00341135196608,40.352095187741966,85.02986223600269
51.57803049487838,55.22908109347248,72.54134693529774,77.81171080017327
80.11892202999564,62.882189658566006,49.05691601815697,45.57346672037093
84.60502384776747,69.5163360923057,85.95591302271217,85.9703784337284
71.45075896171824,55.68397724509112,76.9874876815655,72.40243748750942
58.547473699585495,62.78946288382751,54.85518020312386,66.46391086286408
51.80352044302045,92.36525587437065,45.64721165419565,89.57832315876738
62.11732767609545,94.40318626753839,60.94614479560018,77.82434641252556
63.86721725108617,92.03216719598811,83.12092382655212,71.64007535243901
74.85775037861231,93.88386109479617,48.65154025997027,82.73394555368071
74.76238203206864,74.56751672304243,85.24312291257536,85.7027852128843
65.18695680209328,73.14101272160667,82.95974571716708,65.97914580082167
83.17336272812213,47.02471467069029,53.43494392536641,41.08563585690106
62.57946182486202,91.10757312003159,70.29185924741654,75.54625802425238
92.93253502672212,88.08732863251959,75.44556453736364,57.15916060704618
40.376953623649875,47.921113693580295,40.9287217569923,70.04779804363685
63.78754595885704,93.96933144581214,42.28905387676343,70.86857094351424
79.3105041300671,89.04706213148,73.97614825704434,92.82330140841532
57.576754139387,92.6734614976759,76.41975884284562,74.00491837709038
87.78361519186527,63.252176631384415,86.72868669813043,87.91456938956102
93.78564741069837,46.801821125338286,67.18254707256006,67.85468697822257
71.62920044613533,75.07660158169529,92.89558719779133,70.21937782811767
59.67413482007157,89.734471941811,90.84828277392683,78.17868089760123
85.705865350424,93.38322628861695,64.953352448733,55.493530990770324
46.15145779409419,46.410302325286104,52.37847073606262,71.60603140674723
64.65596925122097,87.81543789636457,50.34446285560393,65.04627082071909
91.49822812929735,69.07062592461965,60.84313232130752,74.54598296329095
91.16613965940647,72.2235329741121,77.96695907203171,47.9507315384843
40.01651908251562,42.56440552397983,40.80426756300583,89.00013711658994
60.317954567241486,91.86674578797306,76.44078271589743,70.16062127183564
64.882201545767,90.78346784135317,49.91952259263662,41.97989635916801
45.86642846505342,67.09751897149229,59.510998611677906,78.60102461265183
72.01526693643878,86.325765043475,74.17432437268582,83.31881186850339
93.83226468988636,88.74855616997937,59.74952423741984,80.53660997431146
76.9406567827075,45.70907650789729,92.05261872518838,54.6485888365617
81.6704456526075,78.04305084891035,51.249301818934384,48.84915817714143
47.92443451504751,64.29606859029552,60.71753224855767,93.71753522376876
80.93618777788575,48.44028010845755,72.82957208927361,51.354774248568845
84.34339558717207,45.2180050938013,88.02260588239088,62.03258801342889
92.57317852280873,70.80972637679211,73.64658567849278,93.42017521891142
49.04590021132884,82.47587826471457,90.57530941293594,43.52900267878296
61.27382264993359,72.54989135178752,69.00934482951351,62.335003908357365
86.92658408489034,73.84782629248494,89.53589123412775,55.69944676827398
62.498142508460646,69.14065199165861,52.83167876858434,67.2318982034754
68.31941825467612,56.1757115411024,69.3053117445525,63.53647100060803
63.376348817510944,50.29247761884173,83.49839322572899,57.04442067798999
71.92960952761786,47.48988735083139,76.94237022253063,73.43188066501708
93.5008411095356,47.7260471111223,46.04556433883766,93.82074311956634
67.21903526947976,44.66737501696994,45.13170689597498,54.91382527460297
58.6210231039829,87.99133287683364,71.91577270498664,56.0868726697383
94.44568727909558,55.584781810426705,41.036692004973,86.6097835479506
77.95471510842735,40.58029274756574,45.04936246675577,81.56404340939633
59.12500647863807,41.9831031795807,84.10596064944009,76.4308676741476
88.34143343225668,75.43537277309665,51.563031883522726,71.89555036798905
71.51959317446378,70.02167023616119,92.44422311422514,48.05878424760942
77.6659242204268,74.8978315953085,50.2448789048722,48.89641162869039
61.761556494738365,85.14178786534873,88.93241558949742,83.06943305175619
65.00137602636568,61.389631737070786,89.42798255594857,45.94867664925329
43.80525656394876,81.29613287477451,63.09259723501363,58.84413751457649
46.39280750036123,80.46646529372103,92.2196840420587,45.67961885717448
58.531864778053745,85.97725832026015,44.46487889590285,75.13558956057794
55.49988060436385,91.60109235798912,74.6237268638246,46.184478465109656
55.716429858946384,81.24327453773297,57.67758021325744,57.0867693340243
79.62039969132309,51.74297929079774,51.9147818194014,69.89379122194683
51.74868678309789,79.23447963728195,69.5031986124344,76.10367246918446
54.87686630395257,91.30614350581824,47.56392247399998,50.417090263085896
45.55590091431729,63.68332461925719,87.5911519309939,43.452345327614395
77.17675576718673,57.25303008033511,51.248583168122394,51.742703149258546
93.11491551267741,69.3154625381922,86.48335758977667,45.756713416907054
75.14704663276886,40.73560653028206,75.52728637249174,45.194459913068926
44.381329471931906,84.54924366288617,55.901786846492485,50.86316268000371
57.3008668329021,42.35625685298079,86.3291674834972,93.8315878343465
83.36602327184335,77.34341205385479,81.92457662083439,75.75455182565995
78.64644886340679,86.44562879044128,42.79394052836552,74.2540048546766
46.09572956310919,70.53578656173565,46.2385084959926,69.67189148182744
75.94277557112508,64.55874533410845,77.87968848885723,58.16628112855092
92.50571244627275,80.71112822074576,74.03661619625032,61.6917570418897
58.345508755151826,49.79640878877232,87.98482722255162,86.30317610726348
70.92034673989569,51.38393670713667,58.29544101399511,79.94454649028071
76.2211452242547,85.37909711932834,76.8876965915642,47.80686716860919
87.9666224413302,48.5909681620316,61.78230297441049,78.37650802768614
72.08810612739065,53.15600505741946,48.1435048143633,77.8902052827371
71.32906723524543,79.22989943199367,85.6988664121438,77.71218993173682
68.8692176618666,80.16909181198207,73.2211903669872,53.83829895815549
79.23143895122763,48.49964955791781,88.40135166221872,69.48560478451277
42.76933578046308,61.47577999020237,42.25760205931325,82.43611378233017
41.015010614202424,68.09171333466696,68.68475852013736,79.50120505854385
61.83985412403621,68.25758580250036,84.37602719652293,73.69817649894767
64.31860079315173,48.318585962765425,54.1336275971108,66.1684305733954
67.12058788935482,42.99162264177171,51.11692052684243,41.36944064699348
41.8126448428011,41.6165486697286,81.27958579382891,51.72905835193248
80.10544518536719,49.79348992308999,83.31710152541561,48.29201381613509
40.47266532232161,76.79026781337268,84.25960931379261,46.882417451938764
47.07688700591458,85.66255845771258,63.39680071345592,40.321509596039164
78.64539807856279,46.04437492836998,70.81635263112065,56.41331876211437
49.69692194660262,78.55536231687725,54.25647617925765,81.24545411459471
77.294512197102,59.7554181956234,62.276815476704314,71.46526124362909
41.83508527946668,94.34387751503165,48.26805085111454,64.75155768634363
57.194845611236296,74.28222217401299,43.48480393733595,83.24882510576117
67.22171826695308,92.34092032634572,49.83582203190401,48.45711002778797
66.14100181664229,76.55298592383764,78.07255170750801,72.42331404837311
47.11622375666865,69.1273756705312,43.48683642935983,68.23927655165798
75.41029959489302,79.52664991082065,56.30314267594602,45.74557562335786
68.22185987053689,40.94458272488851,46.25684989207478,46.820613586183214
87.39771947139508,43.371041783968394,93.59633694954361,52.078933743341004
40.166492680339616,80.47040061229134,54.26270783723254,56.02005050652821
92.393663574582,54.25599364957054,60.19744933292962,82.78186619646823
44.066312446235216,81.93355971964945,77.92524006398318,43.7560575218411
62.085704836142675,82.42481745237765,51.323998562624205,60.96930377768718
80.40670686479481,49.6895470707247,76.0423319941194,65.79034313527458
55.26156537688135,61.6145673290057,44.804738224149176,67.81842407830067
86.22837060443668,40.48232707309398,78.1467310173511,82.66100139699466
73.0430893275399,51.6954487802285,90.43625601822046,91.11884899248349
80.1665855423421,63.40165117080595,83.0885650580355,41.961442514079295
90.00369898700615,58.925242867850216,80.07850119768136,47.42816705051915
41.71597491696552,81.78116539320301,55.94763587179982,46.54951970294312
85.713755932219,90.43029030863413,78.0343381525903,64.9843557303993
40.82246735793804,54.9339418717142,80.7284263763352,61.268868744358315
57.99925986410057,74.9796249096294,40.76954070032888,53.034308139656225
63.33739030713289,90.14102783507069,78.19157779913445,41.57966327332463
64.34591933985111,57.937807401696006,50.476995979680744,57.15383359415671
47.75563555261207,51.76967240879688,92.32560520081839,57.68813446246193
72.76961005453988,81.7961079004359,82.56591006218042,42.79892572420886
86.26282173377865,54.96445070339827,75.43367396911313,87.86450349313623
69.47353344161262,67.77567843688308,92.70772773705869,44.554213361869294
60.948591369377866,43.36278974264294,54.033403067967164,52.1763937326024
84.20930551488854,45.54761992597771,65.6534478879581,91.97873713783142
74.02760102970211,69.54344558022926,84.1188667645942,61.90737045850922
80.60874612979086,49.29247425596953,81.59620719485658,94.81864059561008
70.78388276867275,76.82915858621362,87.46497535935073,56.3056139237588
42.54060962841457,77.36901903417126,89.28355895820724,85.74234766948747
51.721110363684105,64.81567910398373,75.4735988013787,57.59683716776687
68.79816113801388,76.83690774290528,84.11917420074491,62.129036628180934
70.30078098911594,83.95926466602907,85.23681706445794,89.477541008546
81.69771019060428,49.52798453160101,74.71231948786907,84.75691882963088
41.94792046194928,73.15607914279994,81.24955051735822,61.753992250145075
42.58755946194027,83.80216435898602,85.36087842438221,47.6375716068066
74.35863741843511,46.8618145812597,40.955432993121434,54.23788608350152
41.04964211333737,67.8564201659652,65.79896962900355,91.56110439998142
52.91773723776829,42.0150615099852,49.73683450627033,60.80399334403796
51.961890901378794,66.78759028446828,40.38450154733771,57.90612825734975
64.8072538931304,71.75698433799175,82.37447107583309,47.85397251904332
94.99477291695639,68.08438685011299,60.18571635430502,54.46329100252422
62.77108493367504,62.91875609779579,53.844944299181535,45.942031586232964
77.10077318289166,71.89667019797545,92.93467366111787,44.582126891696056
50.142388607322935,43.09031715586616,57.43355790720065,69.2553143613238
85.32625776875776,46.15477847406813,74.69752020670623,84.08486384029672
88.3055672440998,60.992279408990235,93.45347596898856,82.83109170080685
89.85554787317129,82.10679184387762,51.892081803961105,47.36123407827741
66.37073599513461,49.00891144531489,83.08424334204533,58.96811232181884
60.30647988647771,70.00703480968596,46.49704438736229,75.45098944553189
42.20077997346229,48.37950567603521,88.07636310774112,64.98680281814387
53.51452933968115,67.8753202056714,73.26834050097494,65.27939208777593
41.91189823001044,40.648700747210356,62.8281039283215,91.57364294189367
55.292353824506435,61.66976118346669,63.06409584920358,67.54863945238536
74.40854774229618,45.97042209950891,77.04704692747697,49.44479759701465
66.0475003106499,40.13218790610822,58.159830501965416,92.14294146303936
40.601294757949255,53.62927122525725,92.98383179666547,54.25960382327787
85.60522491627248,93.30723215334694,61.574217952319174,74.29689653813492
78.81840150346378,56.09402657625469,51.17452830263671,51.25833174265381
55.368665925638375,42.162919402659874,81.35276122500574,89.1180781301441
71.06360645631322,61.48226802215693,50.60466162020359,54.082753886582125
82.86894852460163,78.74780903516434,59.01031182828318,65.94773652154996
91.91354295764604,71.45962378020616,74.35612182448732,74.29597028314805
40.96372792029758,68.95979906685636,87.92115201556886,72.18113323591766
87.47067641775938,60.43119290649802,54.786900150899726,65.44178443743019
45.2332313584935,56.223854096104866,59.93694656779005,59.13824561616726
75.81829623784841,85.16608176831681,53.51993908816052,76.62808448567816
82.86485023448441,89.42926428593317,63.488203824759964,47.68689340986816
76.20932577074173,66.21535630615585,88.72600531683659,52.29734383061371
73.40484900944429,81.57467742396653,69.33370489251999,64.18449436939093
89.15015237452792,74.5703845430023,89.88715710711341,41.13305966177572
71.28932581143413,70.58728931727438,55.45354352323917,55.20705650967058
90.48529069752888,94.20327047651338,59.311548351550606,80.25774058861208
83.16202517919692,41.409992195031435,80.49816887844673,79.81052603532834
74.66299940592431,41.09112205092063,89.8102285036353,57.371025257514745
48.611618267164005,61.348102865716086,65.25854701531154,88.12492181993483
60.90727950862157,53.962971431857696,79.93756236194277,49.1871049042458
55.982174808092026,71.71504584684683,83.99340977355705,80.75492394719572
53.75790294848949,43.20417582747802,55.641217724879965,63.04595881761284
57.746028670068334,67.6122426080506,46.53616952229756,71.38157735709807
71.09553620144372,58.28601926596171,57.718743803185085,85.1085748963838
60.30502182549209,84.25751913917895,47.70676724543005,87.9942184084785
84.00414244122554,83.63249285615856,76.77528634917354,53.17930158296766
48.22364584881926,58.878737747270165,75.20570146769302,80.2951998049428
61.50457343035218,65.87514571008458,79.39432949025496,84.59614268089003
70.50008945176586,92.37019495410753,93.54413375880597,86.05602692413062
94.57329420810535,90.83608574380074,89.82706164057147,51.3508764756601
72.4721663767429,72.09540189994469,61.94350786254947,44.30540046554559
86.28768873302272,66.97792776988373,69.26204512999297,49.68477903896003
46.09409874409529,88.15483643097815,54.68577608380312,85.58389084515687
69.00950135338536,46.761204395158515,69.17817929216034,53.961583448086124
70.04496615789192,79.44140097630486,63.153509725206746,60.76940008275068
62.54214347634167,60.31989448310337,47.68295843347338,93.82546799831442
53.635400170202885,91.74927930898912,73.76631205889775,94.49389141166048
67.9316084530216,76.72649894127197,83.24759711340334,51.01011429409467
74.91813795748229,50.44978847488508,51.79250189384297,53.87866735285966
41.07958198006123,77.55298481905184,40.603829117699924,83.62975900134236
80.1230247222424,40.39589578641354,40.443363355880656,71.37852560886633
78.0432207733792,59.356006418290704,40.28709674835427,58.40273725000685
71.91369899775792,94.25762863220932,77.86738281433134,42.44054395460798
51.33225704052471,49.37499391814878,60.12134104947155,81.07294737378012
93.64375498196911,73.18186873257824,63.651061969282594,92.25193492636649
57.66439511425666,56.208058249732744,94.79924626383087,52.11298544332192
81.35454133204621,43.039666192926454,83.300899803595,48.17537450046021
51.436534023531394,74.64825746355224,41.89877646766112,85.19795973676766
84.52259797558138,73.42959656613314,51.12994778588813,54.48213695999773
