timestamp,SNR_dB
2025-01-01 00:00:00.000,14.69101257949725
2025-01-01 00:00:00.001,20.3827587436894
2025-01-01 00:00:00.002,13.102221997433853
2025-01-01 00:00:00.003,13.92409778628545
2025-01-01 00:00:00.004,4.874880168043026
2025-01-01 00:00:00.005,15.284310784120013
2025-01-01 00:00:00.006,19.274521574255036
2025-01-01 00:00:00.007,8.011746595523345
2025-01-01 00:00:00.008,9.977362246919908
2025-01-01 00:00:00.009,13.571432506145095
2025-01-01 00:00:00.010,24.721118937405976
2025-01-01 00:00:00.011,18.57851413295296
2025-01-01 00:00:00.012,16.088072412238372
2025-01-01 00:00:00.013,15.197974028533034
2025-01-01 00:00:00.014,11.405885045803117
2025-01-01 00:00:00.015,19.65113377997844
2025-01-01 00:00:00.016,11.224231387990224
2025-01-01 00:00:00.017,13.002519251380875
2025-01-01 00:00:00.018,23.679805706430024
2025-01-01 00:00:00.019,12.818101173527321
2025-01-01 00:00:00.020,11.746721561418086
2025-01-01 00:00:00.021,12.02655986200943
2025-01-01 00:00:00.022,13.007874284519424
2025-01-01 00:00:00.023,15.283270113886914
2025-01-01 00:00:00.024,6.922161351708484
2025-01-01 00:00:00.025,12.001534982490753
2025-01-01 00:00:00.026,15.676722606355295
2025-01-01 00:00:00.027,11.6897325406552
2025-01-01 00:00:00.028,20.250210689465575
2025-01-01 00:00:00.029,14.539737662251543
2025-01-01 00:00:00.030,15.790798833901686
2025-01-01 00:00:00.031,15.69363130469548
2025-01-01 00:00:00.032,17.123009555513587
2025-01-01 00:00:00.033,14.931883737961591
2025-01-01 00:00:00.034,13.862866836161619
2025-01-01 00:00:00.035,14.119039334291921
2025-01-01 00:00:00.036,18.042526011748276
2025-01-01 00:00:00.037,3.5325630076010235
2025-01-01 00:00:00.038,11.470616708782753
2025-01-01 00:00:00.039,14.288672054624863
2025-01-01 00:00:00.040,19.987997231515706
2025-01-01 00:00:00.041,17.966651984406024
2025-01-01 00:00:00.042,4.50832362379186
2025-01-01 00:00:00.043,18.107450845684824
2025-01-01 00:00:00.044,11.789929606402145
2025-01-01 00:00:00.045,7.422047701183663
2025-01-01 00:00:00.046,14.76284714681257
2025-01-01 00:00:00.047,10.925265537032272
2025-01-01 00:00:00.048,17.543099349817833
2025-01-01 00:00:00.049,15.691594049199177
2025-01-01 00:00:00.050,18.32436994076349
2025-01-01 00:00:00.051,20.082148052244165
2025-01-01 00:00:00.052,9.819846898320824
2025-01-01 00:00:00.053,20.918660087509345
2025-01-01 00:00:00.054,20.275152354541234
2025-01-01 00:00:00.055,6.1216491192214555
2025-01-01 00:00:00.056,17.04703097755522
2025-01-01 00:00:00.057,7.517575112901963
2025-01-01 00:00:00.058,18.978929795597722
2025-01-01 00:00:00.059,14.242638294298688
2025-01-01 00:00:00.060,14.983684702221135
2025-01-01 00:00:00.061,11.778196438551845
2025-01-01 00:00:00.062,11.60205608268247
2025-01-01 00:00:00.063,7.08810715135148
2025-01-01 00:00:00.064,17.60062043327804
2025-01-01 00:00:00.065,2.650345559492081
2025-01-01 00:00:00.066,14.508326022206694
2025-01-01 00:00:00.067,13.008627292111749
2025-01-01 00:00:00.068,17.441836018375458
2025-01-01 00:00:00.069,-1.7458581676201383
2025-01-01 00:00:00.070,8.77578470537968
2025-01-01 00:00:00.071,27.157085615293077
2025-01-01 00:00:00.072,14.5876866685828
2025-01-01 00:00:00.073,18.749053899619987
2025-01-01 00:00:00.074,14.919305130418092
2025-01-01 00:00:00.075,19.58192037322506
2025-01-01 00:00:00.076,11.896214487947763
2025-01-01 00:00:00.077,22.14216691306522
2025-01-01 00:00:00.078,10.186207774921527
2025-01-01 00:00:00.079,18.85003900380561
2025-01-01 00:00:00.080,7.535059230136461
2025-01-01 00:00:00.081,10.126984909715748
2025-01-01 00:00:00.082,15.826368189823626
2025-01-01 00:00:00.083,9.830061212875469
2025-01-01 00:00:00.084,6.12440407094007
2025-01-01 00:00:00.085,18.6956916063343
2025-01-01 00:00:00.086,24.043922603981123
2025-01-01 00:00:00.087,-0.1384700064572879
2025-01-01 00:00:00.088,24.269444380654352
2025-01-01 00:00:00.089,9.890179733020116
2025-01-01 00:00:00.090,6.2189287465135745
2025-01-01 00:00:00.091,17.331157678137306
2025-01-01 00:00:00.092,21.567961642337767
2025-01-01 00:00:00.093,15.043827754768806
2025-01-01 00:00:00.094,16.212482567607267
2025-01-01 00:00:00.095,13.739944443984552
2025-01-01 00:00:00.096,14.161443736414691
2025-01-01 00:00:00.097,20.773095931159542
2025-01-01 00:00:00.098,24.124811090828832
2025-01-01 00:00:00.099,15.087112672522775
2025-01-01 00:00:00.100,20.68111845535187
2025-01-01 00:00:00.101,16.433852705144993
2025-01-01 00:00:00.102,14.651116300937154
2025-01-01 00:00:00.103,19.196512399230176
2025-01-01 00:00:00.104,17.212178168127792
2025-01-01 00:00:00.105,15.538476363686756
2025-01-01 00:00:00.106,10.523070912334203
2025-01-01 00:00:00.107,8.73474462240667
2025-01-01 00:00:00.108,22.711830818039502
2025-01-01 00:00:00.109,14.64011279137426
2025-01-01 00:00:00.110,12.21708787401861
2025-01-01 00:00:00.111,19.93901633954353
2025-01-01 00:00:00.112,16.548698171094443
2025-01-01 00:00:00.113,10.549467049917848
2025-01-01 00:00:00.114,13.304831230073013
2025-01-01 00:00:00.115,16.084723865903037
2025-01-01 00:00:00.116,9.477335059249715
2025-01-01 00:00:00.117,16.100461220577483
2025-01-01 00:00:00.118,20.149892809756558
2025-01-01 00:00:00.119,9.87881278524984
2025-01-01 00:00:00.120,19.73130558618218
2025-01-01 00:00:00.121,9.052626808165506
2025-01-01 00:00:00.122,11.435935309764904
2025-01-01 00:00:00.123,7.193874983143887
2025-01-01 00:00:00.124,16.795937523543753
2025-01-01 00:00:00.125,21.934769466647563
2025-01-01 00:00:00.126,16.527344244364034
2025-01-01 00:00:00.127,7.640365042398263
2025-01-01 00:00:00.128,12.85626387815503
2025-01-01 00:00:00.129,8.947247608089892
2025-01-01 00:00:00.130,14.033154171998413
2025-01-01 00:00:00.131,15.556501747432831
2025-01-01 00:00:00.132,15.837928244708456
2025-01-01 00:00:00.133,13.534037655858066
2025-01-01 00:00:00.134,22.75008446992761
2025-01-01 00:00:00.135,27.454840396981076
2025-01-01 00:00:00.136,18.02241778871016
2025-01-01 00:00:00.137,14.641717800505585
2025-01-01 00:00:00.138,18.294195990189166
2025-01-01 00:00:00.139,25.18188081346947
2025-01-01 00:00:00.140,10.73050137493492
2025-01-01 00:00:00.141,18.563440607304504
2025-01-01 00:00:00.142,20.034316336509974
2025-01-01 00:00:00.143,17.33916607494084
2025-01-01 00:00:00.144,14.443188462843882
2025-01-01 00:00:00.145,20.52919299965259
2025-01-01 00:00:00.146,15.260219019216695
2025-01-01 00:00:00.147,11.372595386320484
2025-01-01 00:00:00.148,11.108420860087428
2025-01-01 00:00:00.149,9.270331489385807
2025-01-01 00:00:00.150,11.92828638123808
2025-01-01 00:00:00.151,12.59785146019581
2025-01-01 00:00:00.152,20.3972059124666
2025-01-01 00:00:00.153,13.741408018432413
2025-01-01 00:00:00.154,11.39991626157556
2025-01-01 00:00:00.155,6.941406884083987
2025-01-01 00:00:00.156,25.059529183639153
2025-01-01 00:00:00.157,14.97187937601431
2025-01-01 00:00:00.158,22.525122144320395
2025-01-01 00:00:00.159,13.420300636971147
2025-01-01 00:00:00.160,24.108698458244135
2025-01-01 00:00:00.161,17.875758247821246
2025-01-01 00:00:00.162,16.696868920080615
2025-01-01 00:00:00.163,4.534786451695933
2025-01-01 00:00:00.164,21.20083839659232
2025-01-01 00:00:00.165,13.631111776334073
2025-01-01 00:00:00.166,17.734135562311973
2025-01-01 00:00:00.167,12.69409036592613
2025-01-01 00:00:00.168,16.296810925735418
2025-01-01 00:00:00.169,22.42046572554017
2025-01-01 00:00:00.170,20.391496639091727
2025-01-01 00:00:00.171,13.95771606321057
2025-01-01 00:00:00.172,14.8726079125881
2025-01-01 00:00:00.173,17.767558319568508
2025-01-01 00:00:00.174,13.137708308747364
2025-01-01 00:00:00.175,19.058564960122652
2025-01-01 00:00:00.176,5.045152196262636
2025-01-01 00:00:00.177,17.981093770510842
2025-01-01 00:00:00.178,17.50115079151274
2025-01-01 00:00:00.179,9.495642622558053
2025-01-01 00:00:00.180,20.357110688748286
2025-01-01 00:00:00.181,20.763926752353637
2025-01-01 00:00:00.182,11.231300753109526
2025-01-01 00:00:00.183,16.59551097893399
2025-01-01 00:00:00.184,16.74156786314606
2025-01-01 00:00:00.185,19.29695590258858
2025-01-01 00:00:00.186,11.387547808232164
2025-01-01 00:00:00.187,11.769306696773533
2025-01-01 00:00:00.188,22.246263752910583
2025-01-01 00:00:00.189,16.590683309668865
2025-01-01 00:00:00.190,21.09229769530961
2025-01-01 00:00:00.191,14.897359760459404
2025-01-01 00:00:00.192,10.876702863835643
2025-01-01 00:00:00.193,9.80309008286222
2025-01-01 00:00:00.194,16.610762386904817
2025-01-01 00:00:00.195,17.082450541447958
2025-01-01 00:00:00.196,15.147411544360246
2025-01-01 00:00:00.197,13.006818750180281
2025-01-01 00:00:00.198,18.491727709113576
2025-01-01 00:00:00.199,15.348601801130531
2025-01-01 00:00:00.200,18.435023702807584
2025-01-01 00:00:00.201,19.01934882765184
2025-01-01 00:00:00.202,13.843947470442469
2025-01-01 00:00:00.203,13.57429706030714
2025-01-01 00:00:00.204,17.575306631514998
2025-01-01 00:00:00.205,15.167672449256521
2025-01-01 00:00:00.206,9.766285175705836
2025-01-01 00:00:00.207,15.061710474320982
2025-01-01 00:00:00.208,16.556545909110373
2025-01-01 00:00:00.209,17.704878574186473
2025-01-01 00:00:00.210,7.192445809934073
2025-01-01 00:00:00.211,10.955387381407112
2025-01-01 00:00:00.212,14.610843823164121
2025-01-01 00:00:00.213,16.600867873828307
2025-01-01 00:00:00.214,19.761707864891154
2025-01-01 00:00:00.215,8.183874894270486
2025-01-01 00:00:00.216,13.388562538237288
2025-01-01 00:00:00.217,13.024937511293276
2025-01-01 00:00:00.218,16.61677924262968
2025-01-01 00:00:00.219,6.712662203699727
2025-01-01 00:00:00.220,4.769937209200146
2025-01-01 00:00:00.221,-1.2282673143704805
2025-01-01 00:00:00.222,20.343393530251774
2025-01-01 00:00:00.223,10.67743118579979
2025-01-01 00:00:00.224,15.254529146255981
2025-01-01 00:00:00.225,16.10251695477774
2025-01-01 00:00:00.226,8.539034054596057
2025-01-01 00:00:00.227,22.901173657469258
2025-01-01 00:00:00.228,9.499690735635818
2025-01-01 00:00:00.229,8.049287403489132
2025-01-01 00:00:00.230,21.538838581837467
2025-01-01 00:00:00.231,19.708936460134005
2025-01-01 00:00:00.232,15.749425572208763
2025-01-01 00:00:00.233,13.989245419080747
2025-01-01 00:00:00.234,15.65835948593228
2025-01-01 00:00:00.235,15.576519595799226
2025-01-01 00:00:00.236,17.489653468963848
2025-01-01 00:00:00.237,29.401421856791856
2025-01-01 00:00:00.238,14.989344045055153
2025-01-01 00:00:00.239,14.405812893145235
2025-01-01 00:00:00.240,26.280771391896494
2025-01-01 00:00:00.241,12.800489254417629
2025-01-01 00:00:00.242,11.52505270197391
2025-01-01 00:00:00.243,15.144747896808648
2025-01-01 00:00:00.244,9.67968897508877
2025-01-01 00:00:00.245,13.761153812749843
2025-01-01 00:00:00.246,9.981351702328602
2025-01-01 00:00:00.247,17.66199114154858
2025-01-01 00:00:00.248,17.624938540805232
2025-01-01 00:00:00.249,13.425851661440957
2025-01-01 00:00:00.250,8.690725973369931
2025-01-01 00:00:00.251,17.928850539302196
2025-01-01 00:00:00.252,20.98445667869852
2025-01-01 00:00:00.253,16.259256606253942
2025-01-01 00:00:00.254,7.543005186371893
2025-01-01 00:00:00.255,14.381796681390352
2025-01-01 00:00:00.256,14.119825021186365
2025-01-01 00:00:00.257,18.057526635503432
2025-01-01 00:00:00.258,23.64298731393646
2025-01-01 00:00:00.259,24.724206152328954
2025-01-01 00:00:00.260,19.210712061567797
2025-01-01 00:00:00.261,22.756774302128992
2025-01-01 00:00:00.262,5.058805544828683
2025-01-01 00:00:00.263,16.251295068800076
2025-01-01 00:00:00.264,13.881861245118229
2025-01-01 00:00:00.265,10.304701204914597
2025-01-01 00:00:00.266,24.70881977607732
2025-01-01 00:00:00.267,13.69374947744478
2025-01-01 00:00:00.268,10.390051134324285
2025-01-01 00:00:00.269,12.793851293273635
2025-01-01 00:00:00.270,18.04239689767443
2025-01-01 00:00:00.271,24.17925446602131
2025-01-01 00:00:00.272,11.31116597659015
2025-01-01 00:00:00.273,19.840478996766738
2025-01-01 00:00:00.274,21.3796797313965
2025-01-01 00:00:00.275,10.060017132154183
2025-01-01 00:00:00.276,22.405340999627633
2025-01-01 00:00:00.277,16.89256928289216
2025-01-01 00:00:00.278,11.841704291759244
2025-01-01 00:00:00.279,22.134183302327052
2025-01-01 00:00:00.280,8.443669015752512
2025-01-01 00:00:00.281,8.673631622229923
2025-01-01 00:00:00.282,19.691651777803806
2025-01-01 00:00:00.283,1.5105675283922775
2025-01-01 00:00:00.284,9.990251868301621
2025-01-01 00:00:00.285,16.262670743086257
2025-01-01 00:00:00.286,14.321498471891932
2025-01-01 00:00:00.287,8.139225261814728
2025-01-01 00:00:00.288,2.598806607500732
2025-01-01 00:00:00.289,12.005018038542701
2025-01-01 00:00:00.290,11.777637942194072
2025-01-01 00:00:00.291,17.30833240159329
2025-01-01 00:00:00.292,9.30080458099579
2025-01-01 00:00:00.293,8.8107058181423
2025-01-01 00:00:00.294,16.437452937922483
2025-01-01 00:00:00.295,10.279077651008858
2025-01-01 00:00:00.296,17.872810356257837
2025-01-01 00:00:00.297,16.081011627557704
2025-01-01 00:00:00.298,14.377333930116382
2025-01-01 00:00:00.299,11.328623098315239
2025-01-01 00:00:00.300,19.256406067561116
2025-01-01 00:00:00.301,20.03577399439856
2025-01-01 00:00:00.302,13.192422135962593
2025-01-01 00:00:00.303,20.74364453857264
2025-01-01 00:00:00.304,6.187448041988931
2025-01-01 00:00:00.305,10.233081963935238
2025-01-01 00:00:00.306,18.518178229761222
2025-01-01 00:00:00.307,16.434999886915726
2025-01-01 00:00:00.308,8.518942029385192
2025-01-01 00:00:00.309,15.406302997948714
2025-01-01 00:00:00.310,16.27559298845643
2025-01-01 00:00:00.311,20.15829643782213
2025-01-01 00:00:00.312,17.68306655911218
2025-01-01 00:00:00.313,15.248396992432998
2025-01-01 00:00:00.314,11.57855808239773
2025-01-01 00:00:00.315,11.744503210250315
2025-01-01 00:00:00.316,17.573160388200467
2025-01-01 00:00:00.317,19.44505676441965
2025-01-01 00:00:00.318,13.227855897253699
2025-01-01 00:00:00.319,8.765188273842693
2025-01-01 00:00:00.320,3.6826486381038563
2025-01-01 00:00:00.321,15.170211531266249
2025-01-01 00:00:00.322,8.733221597181604
2025-01-01 00:00:00.323,6.079285425825116
2025-01-01 00:00:00.324,19.262272061907364
2025-01-01 00:00:00.325,10.56035983500327
2025-01-01 00:00:00.326,14.188899528396528
2025-01-01 00:00:00.327,17.92514450085854
2025-01-01 00:00:00.328,12.890825216656333
2025-01-01 00:00:00.329,9.58320166246664
2025-01-01 00:00:00.330,23.945199509583304
2025-01-01 00:00:00.331,14.45982478812186
2025-01-01 00:00:00.332,15.117996243474831
2025-01-01 00:00:00.333,13.002893561236398
2025-01-01 00:00:00.334,6.818115083031719
2025-01-01 00:00:00.335,20.83670272427178
2025-01-01 00:00:00.336,14.151865965139969
2025-01-01 00:00:00.337,12.297426031985358
2025-01-01 00:00:00.338,11.64765589457401
2025-01-01 00:00:00.339,18.553589784941675
2025-01-01 00:00:00.340,18.13491001748197
2025-01-01 00:00:00.341,12.293363482775673
2025-01-01 00:00:00.342,12.948541426362542
2025-01-01 00:00:00.343,18.27352493603229
2025-01-01 00:00:00.344,9.33210725666747
2025-01-01 00:00:00.345,5.030506911908509
2025-01-01 00:00:00.346,15.974445568234337
2025-01-01 00:00:00.347,13.287348489550487
2025-01-01 00:00:00.348,8.90516378366937
2025-01-01 00:00:00.349,18.401185069865765
2025-01-01 00:00:00.350,25.25210330769714
2025-01-01 00:00:00.351,14.136210439224218
2025-01-01 00:00:00.352,26.858629152858924
2025-01-01 00:00:00.353,16.319777066611053
2025-01-01 00:00:00.354,16.542974939662585
2025-01-01 00:00:00.355,13.174635008270684
2025-01-01 00:00:00.356,19.16955895309206
2025-01-01 00:00:00.357,9.43598049442558
2025-01-01 00:00:00.358,11.351527585876536
2025-01-01 00:00:00.359,18.22491868456781
2025-01-01 00:00:00.360,30.20271261585098
2025-01-01 00:00:00.361,17.625887636472246
2025-01-01 00:00:00.362,14.648767359059839
2025-01-01 00:00:00.363,9.290885281739076
2025-01-01 00:00:00.364,4.7968733253578595
2025-01-01 00:00:00.365,18.502767044105425
2025-01-01 00:00:00.366,17.782638730701862
2025-01-01 00:00:00.367,15.325744680661499
2025-01-01 00:00:00.368,15.21701995979775
2025-01-01 00:00:00.369,8.739372771127698
2025-01-01 00:00:00.370,17.233766941063564
2025-01-01 00:00:00.371,19.356673750473703
2025-01-01 00:00:00.372,16.407770168687208
2025-01-01 00:00:00.373,21.558342696542795
2025-01-01 00:00:00.374,13.638020820677319
2025-01-01 00:00:00.375,14.122469288317564
2025-01-01 00:00:00.376,11.899836183119822
2025-01-01 00:00:00.377,11.333311686913564
2025-01-01 00:00:00.378,9.600445938844782
2025-01-01 00:00:00.379,15.401322151666726
2025-01-01 00:00:00.380,14.605037970351152
2025-01-01 00:00:00.381,19.829569456936586
2025-01-01 00:00:00.382,13.730846030402745
2025-01-01 00:00:00.383,10.500336659698341
2025-01-01 00:00:00.384,8.612415874202533
2025-01-01 00:00:00.385,24.408903972761934
2025-01-01 00:00:00.386,15.263144395354512
2025-01-01 00:00:00.387,24.890051317119912
2025-01-01 00:00:00.388,11.06439063424415
2025-01-01 00:00:00.389,17.382269792662793
2025-01-01 00:00:00.390,20.87403801526076
2025-01-01 00:00:00.391,14.01245897864076
2025-01-01 00:00:00.392,17.646432606375257
2025-01-01 00:00:00.393,13.711485898178172
2025-01-01 00:00:00.394,12.47692727866276
2025-01-01 00:00:00.395,12.161195531739377
2025-01-01 00:00:00.396,22.196316808456285
2025-01-01 00:00:00.397,13.574169439737787
2025-01-01 00:00:00.398,11.011765043584104
2025-01-01 00:00:00.399,14.353760255596946
2025-01-01 00:00:00.400,10.894154772230122
2025-01-01 00:00:00.401,16.12937656442805
2025-01-01 00:00:00.402,20.223065696320255
2025-01-01 00:00:00.403,21.52090304809471
2025-01-01 00:00:00.404,19.32791412420398
2025-01-01 00:00:00.405,8.270274682471829
2025-01-01 00:00:00.406,13.24366330090402
2025-01-01 00:00:00.407,20.45942285612833
2025-01-01 00:00:00.408,11.93132767912294
2025-01-01 00:00:00.409,13.271782263284178
2025-01-01 00:00:00.410,15.309930319573699
2025-01-01 00:00:00.411,14.910694965416178
2025-01-01 00:00:00.412,18.573137942866282
2025-01-01 00:00:00.413,16.666948289832884
2025-01-01 00:00:00.414,20.98987541727075
2025-01-01 00:00:00.415,8.919329928032514
2025-01-01 00:00:00.416,8.436771524719
2025-01-01 00:00:00.417,10.36166937267496
2025-01-01 00:00:00.418,8.72810288728432
2025-01-01 00:00:00.419,6.547505507878778
2025-01-01 00:00:00.420,20.553174185715037
2025-01-01 00:00:00.421,12.838977040060723
2025-01-01 00:00:00.422,16.755039533767373
2025-01-01 00:00:00.423,10.380071328522643
2025-01-01 00:00:00.424,17.140970071025464
2025-01-01 00:00:00.425,25.48665758482639
2025-01-01 00:00:00.426,20.305049133532975
2025-01-01 00:00:00.427,11.170094555462581
2025-01-01 00:00:00.428,24.074100982152252
2025-01-01 00:00:00.429,12.864681524785773
2025-01-01 00:00:00.430,16.15320595483895
2025-01-01 00:00:00.431,18.82550010015689
2025-01-01 00:00:00.432,12.173269061619628
2025-01-01 00:00:00.433,6.523314427397905
2025-01-01 00:00:00.434,15.550206356316888
2025-01-01 00:00:00.435,13.420910829610776
2025-01-01 00:00:00.436,16.164029257775148
2025-01-01 00:00:00.437,14.213607914732094
2025-01-01 00:00:00.438,6.179412958970991
2025-01-01 00:00:00.439,11.191368215234352
2025-01-01 00:00:00.440,13.042249589684573
2025-01-01 00:00:00.441,17.691505905547682
2025-01-01 00:00:00.442,13.800303368514951
2025-01-01 00:00:00.443,13.046368809055146
2025-01-01 00:00:00.444,13.361555624080129
2025-01-01 00:00:00.445,21.11553405321342
2025-01-01 00:00:00.446,18.26139155236937
2025-01-01 00:00:00.447,20.06266602016685
2025-01-01 00:00:00.448,14.150917284634707
2025-01-01 00:00:00.449,20.179752383383637
2025-01-01 00:00:00.450,14.207839140645317
2025-01-01 00:00:00.451,26.149362839995753
2025-01-01 00:00:00.452,23.337083287916393
2025-01-01 00:00:00.453,12.983998728049638
2025-01-01 00:00:00.454,13.087359350373147
2025-01-01 00:00:00.455,17.63799577085503
2025-01-01 00:00:00.456,16.65665841310414
2025-01-01 00:00:00.457,15.757353827146977
2025-01-01 00:00:00.458,13.687322354022552
2025-01-01 00:00:00.459,29.78527822769164
2025-01-01 00:00:00.460,12.070673801559668
2025-01-01 00:00:00.461,20.804053655945207
2025-01-01 00:00:00.462,15.038179288868353
2025-01-01 00:00:00.463,12.54186433514612
2025-01-01 00:00:00.464,20.993540844187038
2025-01-01 00:00:00.465,22.085439925426968
2025-01-01 00:00:00.466,12.522947265424573
2025-01-01 00:00:00.467,13.419654681608298
2025-01-01 00:00:00.468,6.491123047570111
2025-01-01 00:00:00.469,13.664756984691932
2025-01-01 00:00:00.470,9.4193519329358
2025-01-01 00:00:00.471,8.860415807193673
2025-01-01 00:00:00.472,10.72380002477722
2025-01-01 00:00:00.473,10.660956957703815
2025-01-01 00:00:00.474,14.47538330913114
2025-01-01 00:00:00.475,14.794402060129986
2025-01-01 00:00:00.476,11.368068540903433
2025-01-01 00:00:00.477,12.157395944032405
2025-01-01 00:00:00.478,10.981956679002943
2025-01-01 00:00:00.479,8.330890665527766
2025-01-01 00:00:00.480,8.953605444950824
2025-01-01 00:00:00.481,26.840179314665384
2025-01-01 00:00:00.482,6.553071929232905
2025-01-01 00:00:00.483,23.944450167365098
2025-01-01 00:00:00.484,11.85214017824949
2025-01-01 00:00:00.485,17.063344675718017
2025-01-01 00:00:00.486,15.175118604832818
2025-01-01 00:00:00.487,14.144898097248092
2025-01-01 00:00:00.488,13.643277972019355
2025-01-01 00:00:00.489,15.901523397253124
2025-01-01 00:00:00.490,13.138184912280233
2025-01-01 00:00:00.491,17.17503364310436
2025-01-01 00:00:00.492,14.95968372356731
2025-01-01 00:00:00.493,10.682372636608193
2025-01-01 00:00:00.494,26.800241539989536
2025-01-01 00:00:00.495,17.351651859911797
2025-01-01 00:00:00.496,19.08413588508716
2025-01-01 00:00:00.497,17.82213456685674
2025-01-01 00:00:00.498,10.09633590396288
2025-01-01 00:00:00.499,9.406091823117807
2025-01-01 00:00:00.500,3.071219029177623
2025-01-01 00:00:00.501,11.375964717597178
2025-01-01 00:00:00.502,1.9689897045324365
2025-01-01 00:00:00.503,15.867289366261103
2025-01-01 00:00:00.504,8.45099140878661
2025-01-01 00:00:00.505,17.713211134550434
2025-01-01 00:00:00.506,19.445914564491083
2025-01-01 00:00:00.507,13.526940270159177
2025-01-01 00:00:00.508,9.988076281333683
2025-01-01 00:00:00.509,16.907127905605694
2025-01-01 00:00:00.510,6.202111018548898
2025-01-01 00:00:00.511,13.926915851136528
2025-01-01 00:00:00.512,13.283931041033638
2025-01-01 00:00:00.513,15.676734537307496
2025-01-01 00:00:00.514,17.224295139955505
2025-01-01 00:00:00.515,19.486376349823452
2025-01-01 00:00:00.516,20.177293661017426
2025-01-01 00:00:00.517,18.635966021200165
2025-01-01 00:00:00.518,13.161032354791097
2025-01-01 00:00:00.519,10.488623894985341
2025-01-01 00:00:00.520,18.62869164887157
2025-01-01 00:00:00.521,14.093021986881254
2025-01-01 00:00:00.522,15.0952773844779
2025-01-01 00:00:00.523,19.445121210442313
2025-01-01 00:00:00.524,20.792191238695374
2025-01-01 00:00:00.525,10.89586663558283
2025-01-01 00:00:00.526,5.3664323353581285
2025-01-01 00:00:00.527,24.767202386367636
2025-01-01 00:00:00.528,15.092346622247819
2025-01-01 00:00:00.529,9.649907488375888
2025-01-01 00:00:00.530,16.126319045535475
2025-01-01 00:00:00.531,15.602509980108302
2025-01-01 00:00:00.532,18.292415885659196
2025-01-01 00:00:00.533,5.166811838873667
2025-01-01 00:00:00.534,10.59316653593607
2025-01-01 00:00:00.535,6.836727270696118
2025-01-01 00:00:00.536,12.903994848553365
2025-01-01 00:00:00.537,11.649514836798026
2025-01-01 00:00:00.538,11.436744133554974
2025-01-01 00:00:00.539,9.038526633832301
2025-01-01 00:00:00.540,12.379159309269777
2025-01-01 00:00:00.541,5.027416931322961
2025-01-01 00:00:00.542,9.525141746905298
2025-01-01 00:00:00.543,22.487199888581245
2025-01-01 00:00:00.544,11.915822340842524
2025-01-01 00:00:00.545,13.772772178111293
2025-01-01 00:00:00.546,16.131375312862428
2025-01-01 00:00:00.547,18.06469660958395
2025-01-01 00:00:00.548,14.71507716625626
2025-01-01 00:00:00.549,16.993346758498802
2025-01-01 00:00:00.550,24.268189577334006
2025-01-01 00:00:00.551,19.3572800291791
2025-01-01 00:00:00.552,21.5086810108565
2025-01-01 00:00:00.553,15.084013574153817
2025-01-01 00:00:00.554,12.39839857953591
2025-01-01 00:00:00.555,6.672210124510668
2025-01-01 00:00:00.556,7.3787553408508275
2025-01-01 00:00:00.557,16.15405711602876
2025-01-01 00:00:00.558,10.095621304357849
2025-01-01 00:00:00.559,13.633416017977371
2025-01-01 00:00:00.560,19.649450840653486
2025-01-01 00:00:00.561,21.004392041190176
2025-01-01 00:00:00.562,25.40876184539004
2025-01-01 00:00:00.563,11.031073448429595
2025-01-01 00:00:00.564,16.1940137353986
2025-01-01 00:00:00.565,13.878364657014224
2025-01-01 00:00:00.566,16.948564285171692
2025-01-01 00:00:00.567,10.190127363703857
2025-01-01 00:00:00.568,9.460249604559273
2025-01-01 00:00:00.569,22.953943264961747
2025-01-01 00:00:00.570,12.94371807938571
2025-01-01 00:00:00.571,13.568971022959797
2025-01-01 00:00:00.572,9.06660130203162
2025-01-01 00:00:00.573,18.66320059592437
2025-01-01 00:00:00.574,20.246622400715275
2025-01-01 00:00:00.575,6.018592098775914
2025-01-01 00:00:00.576,16.048524195764784
2025-01-01 00:00:00.577,17.53244009297296
2025-01-01 00:00:00.578,19.013910636310957
2025-01-01 00:00:00.579,18.92689689714873
2025-01-01 00:00:00.580,19.31480191888958
2025-01-01 00:00:00.581,18.537856222129555
2025-01-01 00:00:00.582,19.357732885700102
2025-01-01 00:00:00.583,18.98034440762724
2025-01-01 00:00:00.584,16.36132400310385
2025-01-01 00:00:00.585,16.8307529269707
2025-01-01 00:00:00.586,14.769577067856812
2025-01-01 00:00:00.587,10.651893483778602
2025-01-01 00:00:00.588,4.385046419521636
2025-01-01 00:00:00.589,20.064481292262748
2025-01-01 00:00:00.590,16.76663523614947
2025-01-01 00:00:00.591,20.860091688209003
2025-01-01 00:00:00.592,20.80815162768564
2025-01-01 00:00:00.593,9.270208939619753
2025-01-01 00:00:00.594,14.122289882220306
2025-01-01 00:00:00.595,15.364182509826948
2025-01-01 00:00:00.596,22.66772432015698
2025-01-01 00:00:00.597,9.49197597515828
2025-01-01 00:00:00.598,17.56805338174569
2025-01-01 00:00:00.599,10.239647023139792
2025-01-01 00:00:00.600,20.977405541271406
2025-01-01 00:00:00.601,15.593509714571477
2025-01-01 00:00:00.602,8.949988429250144
2025-01-01 00:00:00.603,13.757606126778265
2025-01-01 00:00:00.604,9.181939238000075
2025-01-01 00:00:00.605,17.540898578108695
2025-01-01 00:00:00.606,17.37530248960374
2025-01-01 00:00:00.607,25.17453389246431
2025-01-01 00:00:00.608,16.96523366546882
2025-01-01 00:00:00.609,15.995151658698472
2025-01-01 00:00:00.610,16.000342300948073
2025-01-01 00:00:00.611,14.468779646497445
2025-01-01 00:00:00.612,15.460655679065413
2025-01-01 00:00:00.613,16.706684714399124
2025-01-01 00:00:00.614,10.42455081947912
2025-01-01 00:00:00.615,12.405935682488487
2025-01-01 00:00:00.616,5.228183307313699
2025-01-01 00:00:00.617,17.57807382705247
2025-01-01 00:00:00.618,16.914471631406627
2025-01-01 00:00:00.619,24.688845857165305
2025-01-01 00:00:00.620,15.43116917968389
2025-01-01 00:00:00.621,13.799266132974813
2025-01-01 00:00:00.622,11.371455498266972
2025-01-01 00:00:00.623,9.822219875310395
2025-01-01 00:00:00.624,20.896672047438987
2025-01-01 00:00:00.625,8.348351699500757
2025-01-01 00:00:00.626,18.574399288983294
2025-01-01 00:00:00.627,16.374757312411504
2025-01-01 00:00:00.628,18.989774806518017
2025-01-01 00:00:00.629,16.778138356517285
2025-01-01 00:00:00.630,9.692354721566453
2025-01-01 00:00:00.631,9.107755593152579
2025-01-01 00:00:00.632,15.307186795163027
2025-01-01 00:00:00.633,16.34192697804536
2025-01-01 00:00:00.634,14.278700356342354
2025-01-01 00:00:00.635,16.180639300461472
2025-01-01 00:00:00.636,16.031214618072354
2025-01-01 00:00:00.637,16.027305008629607
2025-01-01 00:00:00.638,17.44387355181653
2025-01-01 00:00:00.639,6.673792439351967
2025-01-01 00:00:00.640,6.047099942584351
2025-01-01 00:00:00.641,18.780761849568382
2025-01-01 00:00:00.642,6.769394062885699
2025-01-01 00:00:00.643,11.841561575453994
2025-01-01 00:00:00.644,25.100659908399486
2025-01-01 00:00:00.645,21.979460600115413
2025-01-01 00:00:00.646,9.230637553091311
2025-01-01 00:00:00.647,23.243394744604124
2025-01-01 00:00:00.648,21.18761032059362
2025-01-01 00:00:00.649,13.979198765919971
2025-01-01 00:00:00.650,11.960591636469726
2025-01-01 00:00:00.651,20.810764948426197
2025-01-01 00:00:00.652,18.369510657973912
2025-01-01 00:00:00.653,16.809634832076643
2025-01-01 00:00:00.654,12.395743669494696
2025-01-01 00:00:00.655,13.428265571115238
2025-01-01 00:00:00.656,16.286649152854366
2025-01-01 00:00:00.657,12.229937552710885
2025-01-01 00:00:00.658,13.091518348918308
2025-01-01 00:00:00.659,15.754943305158797
2025-01-01 00:00:00.660,15.053999656949538
2025-01-01 00:00:00.661,18.578315799556407
2025-01-01 00:00:00.662,10.916107754969527
2025-01-01 00:00:00.663,12.760092432585077
2025-01-01 00:00:00.664,6.8973514068323905
2025-01-01 00:00:00.665,4.92393700954208
2025-01-01 00:00:00.666,14.764121261513043
2025-01-01 00:00:00.667,16.693334558695582
2025-01-01 00:00:00.668,16.950351734117078
2025-01-01 00:00:00.669,6.539616553848923
2025-01-01 00:00:00.670,13.888861504422845
2025-01-01 00:00:00.671,13.583692295227161
2025-01-01 00:00:00.672,12.27568790347374
2025-01-01 00:00:00.673,9.694985938364937
2025-01-01 00:00:00.674,22.289752988153516
2025-01-01 00:00:00.675,13.068073085316897
2025-01-01 00:00:00.676,5.753335709595277
2025-01-01 00:00:00.677,15.509559028295593
2025-01-01 00:00:00.678,19.45394646710983
2025-01-01 00:00:00.679,17.36140531349723
2025-01-01 00:00:00.680,15.853811850177902
2025-01-01 00:00:00.681,16.06911872879923
2025-01-01 00:00:00.682,17.860116915324106
2025-01-01 00:00:00.683,9.954683214154581
2025-01-01 00:00:00.684,14.497370982309524
2025-01-01 00:00:00.685,16.105520318795293
2025-01-01 00:00:00.686,14.700321817151172
2025-01-01 00:00:00.687,7.876610240198092
2025-01-01 00:00:00.688,14.421294253079582
2025-01-01 00:00:00.689,6.834815333064405
2025-01-01 00:00:00.690,17.621797674526277
2025-01-01 00:00:00.691,16.94623733794037
2025-01-01 00:00:00.692,23.01199636290663
2025-01-01 00:00:00.693,14.978341265931066
2025-01-01 00:00:00.694,19.726857192115787
2025-01-01 00:00:00.695,15.587346526584652
2025-01-01 00:00:00.696,27.193943058941425
2025-01-01 00:00:00.697,18.794247845099985
2025-01-01 00:00:00.698,14.725900220673863
2025-01-01 00:00:00.699,10.348725559991543
2025-01-01 00:00:00.700,20.49194408404804
2025-01-01 00:00:00.701,16.132468879605
2025-01-01 00:00:00.702,12.876806784034066
2025-01-01 00:00:00.703,15.28222345842583
2025-01-01 00:00:00.704,19.217352558960545
2025-01-01 00:00:00.705,21.888776284442795
2025-01-01 00:00:00.706,17.906803765848764
2025-01-01 00:00:00.707,10.425215131522537
2025-01-01 00:00:00.708,7.271251226391458
2025-01-01 00:00:00.709,15.290507828147724
2025-01-01 00:00:00.710,13.473529096512149
2025-01-01 00:00:00.711,0.21211621502412115
2025-01-01 00:00:00.712,11.199546440424836
2025-01-01 00:00:00.713,12.141072404257713
2025-01-01 00:00:00.714,9.378102976961431
2025-01-01 00:00:00.715,19.675844178869088
2025-01-01 00:00:00.716,14.17657643310266
2025-01-01 00:00:00.717,13.493827728661408
2025-01-01 00:00:00.718,13.013628637821643
2025-01-01 00:00:00.719,12.197993456273885
2025-01-01 00:00:00.720,20.794497389522213
2025-01-01 00:00:00.721,13.171231887655885
2025-01-01 00:00:00.722,7.2445899667621045
2025-01-01 00:00:00.723,13.627379752709523
2025-01-01 00:00:00.724,18.07438322781636
2025-01-01 00:00:00.725,12.823119021571285
2025-01-01 00:00:00.726,9.921622009159464
2025-01-01 00:00:00.727,18.397426608251944
2025-01-01 00:00:00.728,12.3457909677592
2025-01-01 00:00:00.729,22.90175346664016
2025-01-01 00:00:00.730,13.275470683014554
2025-01-01 00:00:00.731,15.538633879131352
2025-01-01 00:00:00.732,5.506365766814621
2025-01-01 00:00:00.733,15.982569736297313
2025-01-01 00:00:00.734,15.350511295072684
2025-01-01 00:00:00.735,13.657503809961362
2025-01-01 00:00:00.736,21.03685498809391
2025-01-01 00:00:00.737,17.621508454256137
2025-01-01 00:00:00.738,23.69324685955096
2025-01-01 00:00:00.739,8.79809653633929
2025-01-01 00:00:00.740,11.744105855154304
2025-01-01 00:00:00.741,12.09191565639346
2025-01-01 00:00:00.742,3.3288245522712696
2025-01-01 00:00:00.743,6.613251179150726
2025-01-01 00:00:00.744,12.970657919921345
2025-01-01 00:00:00.745,11.254421717708986
2025-01-01 00:00:00.746,12.865899268896063
2025-01-01 00:00:00.747,22.390669543407846
2025-01-01 00:00:00.748,11.782283753607098
2025-01-01 00:00:00.749,16.48954895160976
2025-01-01 00:00:00.750,22.74555794411976
2025-01-01 00:00:00.751,16.658683472987484
2025-01-01 00:00:00.752,15.207894364738646
2025-01-01 00:00:00.753,9.201852104909799
2025-01-01 00:00:00.754,11.898804062603737
2025-01-01 00:00:00.755,13.194642682367991
2025-01-01 00:00:00.756,15.266356955806474
2025-01-01 00:00:00.757,19.896583480029243
2025-01-01 00:00:00.758,10.08814432106547
2025-01-01 00:00:00.759,18.836272644049124
2025-01-01 00:00:00.760,11.64033808667907
2025-01-01 00:00:00.761,14.479486768282015
2025-01-01 00:00:00.762,11.670745195558005
2025-01-01 00:00:00.763,10.662269644554918
2025-01-01 00:00:00.764,16.405724103700734
2025-01-01 00:00:00.765,12.85366794897699
2025-01-01 00:00:00.766,16.624745294989935
2025-01-01 00:00:00.767,18.925641529787622
2025-01-01 00:00:00.768,17.661834645870783
2025-01-01 00:00:00.769,10.05242466594644
2025-01-01 00:00:00.770,16.507034819931253
2025-01-01 00:00:00.771,5.301778977284723
2025-01-01 00:00:00.772,15.722377035372416
2025-01-01 00:00:00.773,6.0919786118344685
2025-01-01 00:00:00.774,7.165790436569754
2025-01-01 00:00:00.775,2.9703118820479837
2025-01-01 00:00:00.776,11.021366416823827
2025-01-01 00:00:00.777,14.770567273271535
2025-01-01 00:00:00.778,10.717673913735299
2025-01-01 00:00:00.779,10.663202496326374
2025-01-01 00:00:00.780,21.034910120080355
2025-01-01 00:00:00.781,1.5144447669540675
2025-01-01 00:00:00.782,8.325709773994102
2025-01-01 00:00:00.783,21.409107853193927
2025-01-01 00:00:00.784,10.20084329709374
2025-01-01 00:00:00.785,14.206441886890051
2025-01-01 00:00:00.786,14.722909653452337
2025-01-01 00:00:00.787,8.788235731367317
2025-01-01 00:00:00.788,19.88917689172981
2025-01-01 00:00:00.789,16.11419790521554
2025-01-01 00:00:00.790,23.394243006483475
2025-01-01 00:00:00.791,14.815782568873354
2025-01-01 00:00:00.792,7.73216540390088
2025-01-01 00:00:00.793,14.231764763281268
2025-01-01 00:00:00.794,24.027597337709935
2025-01-01 00:00:00.795,14.478948176435123
2025-01-01 00:00:00.796,22.30683356473064
2025-01-01 00:00:00.797,16.13334940337675
2025-01-01 00:00:00.798,18.19968351745804
2025-01-01 00:00:00.799,10.796158364967742
2025-01-01 00:00:00.800,14.334140993706653
2025-01-01 00:00:00.801,10.8903576002504
2025-01-01 00:00:00.802,13.49474453129641
2025-01-01 00:00:00.803,15.32380442701083
2025-01-01 00:00:00.804,7.462507500215507
2025-01-01 00:00:00.805,19.142139203536804
2025-01-01 00:00:00.806,11.776839134178866
2025-01-01 00:00:00.807,12.013068534372767
2025-01-01 00:00:00.808,11.65603597806848
2025-01-01 00:00:00.809,22.52446619445822
2025-01-01 00:00:00.810,10.065950745118755
2025-01-01 00:00:00.811,10.894178275127027
2025-01-01 00:00:00.812,12.305742907710354
2025-01-01 00:00:00.813,20.96241630366573
2025-01-01 00:00:00.814,14.490449867041697
2025-01-01 00:00:00.815,10.974187697356493
2025-01-01 00:00:00.816,9.31433592805897
2025-01-01 00:00:00.817,11.197344986308064
2025-01-01 00:00:00.818,11.81007341395862
2025-01-01 00:00:00.819,8.609705619803103
2025-01-01 00:00:00.820,12.162237392403169
2025-01-01 00:00:00.821,22.01994111572005
2025-01-01 00:00:00.822,7.975904580481579
2025-01-01 00:00:00.823,17.09535885258448
2025-01-01 00:00:00.824,15.525352931529596
2025-01-01 00:00:00.825,24.963135323643225
2025-01-01 00:00:00.826,16.915986020910324
2025-01-01 00:00:00.827,14.050980077937904
2025-01-01 00:00:00.828,11.565081807513364
2025-01-01 00:00:00.829,16.095958446329583
2025-01-01 00:00:00.830,19.890720922891923
2025-01-01 00:00:00.831,15.681737923760286
2025-01-01 00:00:00.832,13.140363265620381
2025-01-01 00:00:00.833,17.073924621603272
2025-01-01 00:00:00.834,17.50395660550413
2025-01-01 00:00:00.835,24.226192103554624
2025-01-01 00:00:00.836,6.622338265883682
2025-01-01 00:00:00.837,10.468557746275973
2025-01-01 00:00:00.838,15.103674317341708
2025-01-01 00:00:00.839,13.812038380621377
2025-01-01 00:00:00.840,17.253042458371816
2025-01-01 00:00:00.841,16.46046306748657
2025-01-01 00:00:00.842,14.627937445959988
2025-01-01 00:00:00.843,21.403698577710493
2025-01-01 00:00:00.844,17.36852950654558
2025-01-01 00:00:00.845,16.450936969273293
2025-01-01 00:00:00.846,11.891085341905955
2025-01-01 00:00:00.847,12.634836467741826
2025-01-01 00:00:00.848,18.74709724776288
2025-01-01 00:00:00.849,13.997066837533513
2025-01-01 00:00:00.850,7.487185742191723
2025-01-01 00:00:00.851,17.125404083826012
2025-01-01 00:00:00.852,16.409551892920543
2025-01-01 00:00:00.853,10.792758442108681
2025-01-01 00:00:00.854,16.075394036244436
2025-01-01 00:00:00.855,10.74398056725792
2025-01-01 00:00:00.856,13.990996335932616
2025-01-01 00:00:00.857,17.893141227566556
2025-01-01 00:00:00.858,8.551966216673083
2025-01-01 00:00:00.859,8.453647560636325
2025-01-01 00:00:00.860,20.204303858423216
2025-01-01 00:00:00.861,7.817477925089183
2025-01-01 00:00:00.862,19.476588108028114
2025-01-01 00:00:00.863,22.59017549695605
2025-01-01 00:00:00.864,23.046379059042934
2025-01-01 00:00:00.865,18.05693754651
2025-01-01 00:00:00.866,18.638028606639807
2025-01-01 00:00:00.867,7.716500676750707
2025-01-01 00:00:00.868,21.378350459018147
2025-01-01 00:00:00.869,17.64925733547072
2025-01-01 00:00:00.870,15.758214015676012
2025-01-01 00:00:00.871,15.02706468868984
2025-01-01 00:00:00.872,16.278344521198125
2025-01-01 00:00:00.873,21.476463733437768
2025-01-01 00:00:00.874,12.6351966705758
2025-01-01 00:00:00.875,10.896777106512095
2025-01-01 00:00:00.876,19.804421636901765
2025-01-01 00:00:00.877,15.255981448424073
2025-01-01 00:00:00.878,12.751380089201371
2025-01-01 00:00:00.879,20.91575805340549
2025-01-01 00:00:00.880,13.601003060220398
2025-01-01 00:00:00.881,12.382674998048024
2025-01-01 00:00:00.882,13.028555939039343
2025-01-01 00:00:00.883,19.213593913034117
2025-01-01 00:00:00.884,23.611941065824883
2025-01-01 00:00:00.885,9.950995479681513
2025-01-01 00:00:00.886,12.936514266511942
2025-01-01 00:00:00.887,7.280738158613726
2025-01-01 00:00:00.888,8.063924548815459
2025-01-01 00:00:00.889,13.224813561505364
2025-01-01 00:00:00.890,15.458416842572182
2025-01-01 00:00:00.891,17.595480574185903
2025-01-01 00:00:00.892,12.49424063212376
2025-01-01 00:00:00.893,16.680792854208512
2025-01-01 00:00:00.894,5.145460602931106
2025-01-01 00:00:00.895,22.107742930814354
2025-01-01 00:00:00.896,12.79093703579332
2025-01-01 00:00:00.897,15.197085167064653
2025-01-01 00:00:00.898,21.357451322550638
2025-01-01 00:00:00.899,6.467165874299345
2025-01-01 00:00:00.900,13.665336513040605
2025-01-01 00:00:00.901,13.709755692789242
2025-01-01 00:00:00.902,15.414236122440627
2025-01-01 00:00:00.903,7.926124355049434
2025-01-01 00:00:00.904,18.812821231345577
2025-01-01 00:00:00.905,16.29035147352797
2025-01-01 00:00:00.906,11.426970309985238
2025-01-01 00:00:00.907,13.89600215787609
2025-01-01 00:00:00.908,18.56397701662775
2025-01-01 00:00:00.909,13.889911637281296
2025-01-01 00:00:00.910,13.547052084980422
2025-01-01 00:00:00.911,15.577215974449329
2025-01-01 00:00:00.912,5.436569239244694
2025-01-01 00:00:00.913,13.157239285886003
2025-01-01 00:00:00.914,24.69930455379158
2025-01-01 00:00:00.915,17.476110167930457
2025-01-01 00:00:00.916,12.163768873829623
2025-01-01 00:00:00.917,7.738476233869162
2025-01-01 00:00:00.918,15.996688299415489
2025-01-01 00:00:00.919,9.156582521602036
2025-01-01 00:00:00.920,3.664672217157534
2025-01-01 00:00:00.921,16.693115194998462
2025-01-01 00:00:00.922,18.909271072853905
2025-01-01 00:00:00.923,9.395197585347564
2025-01-01 00:00:00.924,9.519364041323591
2025-01-01 00:00:00.925,11.766270962633374
2025-01-01 00:00:00.926,13.313038563095304
2025-01-01 00:00:00.927,16.10111478049548
2025-01-01 00:00:00.928,9.655141640644938
2025-01-01 00:00:00.929,18.07156564849643
2025-01-01 00:00:00.930,10.46161569037524
2025-01-01 00:00:00.931,11.94842033766096
2025-01-01 00:00:00.932,13.265157510487974
2025-01-01 00:00:00.933,5.742480050015445
2025-01-01 00:00:00.934,19.327990054890286
2025-01-01 00:00:00.935,20.09809171808475
2025-01-01 00:00:00.936,16.641651485572204
2025-01-01 00:00:00.937,23.24790789862625
2025-01-01 00:00:00.938,18.69799273705642
2025-01-01 00:00:00.939,5.198220606608155
2025-01-01 00:00:00.940,24.74212576154337
2025-01-01 00:00:00.941,10.578559354249911
2025-01-01 00:00:00.942,18.20026842245472
2025-01-01 00:00:00.943,23.587338433811645
2025-01-01 00:00:00.944,25.110690740998386
2025-01-01 00:00:00.945,13.741642148953739
2025-01-01 00:00:00.946,14.116692307700355
2025-01-01 00:00:00.947,8.326319078058546
2025-01-01 00:00:00.948,11.4746667385617
2025-01-01 00:00:00.949,7.774553859417624
2025-01-01 00:00:00.950,19.704864667864335
2025-01-01 00:00:00.951,15.131955237557444
2025-01-01 00:00:00.952,10.953451459863354
2025-01-01 00:00:00.953,12.193597594394582
2025-01-01 00:00:00.954,16.298693041195506
2025-01-01 00:00:00.955,15.0821815986629
2025-01-01 00:00:00.956,19.64611978438769
2025-01-01 00:00:00.957,7.064259096566273
2025-01-01 00:00:00.958,9.87470123710778
2025-01-01 00:00:00.959,18.310117298228768
2025-01-01 00:00:00.960,20.550054692026723
2025-01-01 00:00:00.961,14.306485389257995
2025-01-01 00:00:00.962,14.420124689471287
2025-01-01 00:00:00.963,14.841982660346211
2025-01-01 00:00:00.964,20.864871996438886
2025-01-01 00:00:00.965,3.5141557861851442
2025-01-01 00:00:00.966,12.75706464428983
2025-01-01 00:00:00.967,17.37114220168153
2025-01-01 00:00:00.968,11.777106821775947
2025-01-01 00:00:00.969,13.602700925049218
2025-01-01 00:00:00.970,17.733873271098613
2025-01-01 00:00:00.971,19.7047076606807
2025-01-01 00:00:00.972,15.748732146669907
2025-01-01 00:00:00.973,17.694180059810506
2025-01-01 00:00:00.974,17.109852295902517
2025-01-01 00:00:00.975,11.62371377352444
2025-01-01 00:00:00.976,15.339171083760004
2025-01-01 00:00:00.977,10.355975753584705
2025-01-01 00:00:00.978,14.831503197561739
2025-01-01 00:00:00.979,17.62615174110461
2025-01-01 00:00:00.980,19.925493241309006
2025-01-01 00:00:00.981,8.62494686837438
2025-01-01 00:00:00.982,12.417255328731152
2025-01-01 00:00:00.983,15.872304455646244
2025-01-01 00:00:00.984,17.89025198650175
2025-01-01 00:00:00.985,28.400071730654282
2025-01-01 00:00:00.986,15.768832034177073
2025-01-01 00:00:00.987,7.732020965546691
2025-01-01 00:00:00.988,9.161089813014843
2025-01-01 00:00:00.989,12.763685931149352
2025-01-01 00:00:00.990,14.8715297701786
2025-01-01 00:00:00.991,11.661139344678025
2025-01-01 00:00:00.992,13.80933935595352
2025-01-01 00:00:00.993,18.482235222457444
2025-01-01 00:00:00.994,17.059258249001648
2025-01-01 00:00:00.995,18.669187034278934
2025-01-01 00:00:00.996,15.986311488779767
2025-01-01 00:00:00.997,18.922102819807414
2025-01-01 00:00:00.998,16.779627786519853
2025-01-01 00:00:00.999,23.808207047278696
